edge_id,from_node,to_node,mode,distance_km,base_time_h,base_cost,max_weight_kg,max_volume_m3,reliability,co2_kg_per_km,schedule_frequency_h,cutoff_hours,is_active
EDGE_ROAD_NODE_000_NODE_009,NODE_000,NODE_009,road,47.59565402733474,0.9431370701531702,2006.338866377546,14444.980593101938,104.41312180933735,0.9250258197722068,0.18,0.0,0.0,True
EDGE_ROAD_NODE_000_NODE_075,NODE_000,NODE_075,road,76.39364357109524,1.302315254118067,3447.616558739123,19063.367318311222,326.25133440334434,0.9536244789504427,0.18,0.0,0.0,True
EDGE_AIR_NODE_000_NODE_075,NODE_000,NODE_075,air,78.7534359312034,2.8,21141.97436398806,9244.488182489906,81.41093865684954,0.9257888668273512,0.62,6.0,3.4944565538382864,True
EDGE_ROAD_NODE_000_NODE_010,NODE_000,NODE_010,road,84.39775624690645,1.3718179081575994,3326.6693313832534,23668.419753039838,104.02970394557815,0.9617326055919868,0.18,0.0,0.0,True
EDGE_AIR_NODE_000_NODE_010,NODE_000,NODE_010,air,90.35746136030117,2.8,26910.237875903447,15816.136125279334,102.18232922462342,0.9657425294848462,0.62,4.0,4.569933103982191,True
EDGE_ROAD_NODE_000_NODE_012,NODE_000,NODE_012,road,88.55672136070521,1.3190268870939468,3539.787141836421,19504.952503266923,228.8401749514119,0.9543329358534813,0.18,0.0,0.0,True
EDGE_ROAD_NODE_000_NODE_051,NODE_000,NODE_051,road,92.04129091491939,1.574109656713728,4778.110807831797,15730.486445011844,127.73747095756835,0.912566500142612,0.18,0.0,0.0,True
EDGE_ROAD_NODE_000_NODE_028,NODE_000,NODE_028,road,104.60409097934503,1.8978711918863713,4689.96864304944,17129.494297567464,178.42380239138726,0.9017410487699622,0.18,0.0,0.0,True
EDGE_ROAD_NODE_001_NODE_006,NODE_001,NODE_006,road,28.785454566783773,0.5091951451313017,1996.6539078922108,24828.872273534493,219.8458156410212,0.8961197325505157,0.18,0.0,0.0,True
EDGE_ROAD_NODE_001_NODE_048,NODE_001,NODE_048,road,45.23895868139454,0.658803820994369,2576.183599459016,23261.485591259087,233.83501453774986,0.9296209392194382,0.18,0.0,0.0,True
EDGE_ROAD_NODE_001_NODE_081,NODE_001,NODE_081,road,82.91936520065994,1.2531707826783596,3476.2179354374957,21727.173803458973,322.39414844799137,0.8745313121031698,0.18,0.0,0.0,True
EDGE_ROAD_NODE_001_NODE_034,NODE_001,NODE_034,road,96.63640376524259,1.8551064706412497,5195.498083824987,13182.905063529284,342.70375212916906,0.8751148723041582,0.18,0.0,0.0,True
EDGE_ROAD_NODE_001_NODE_036,NODE_001,NODE_036,road,109.85040951280264,1.6245385975281528,5500.402175873937,22956.737464813657,304.6810065254332,0.9640629769099063,0.18,0.0,0.0,True
EDGE_ROAD_NODE_001_NODE_057,NODE_001,NODE_057,road,119.08182962178921,1.8907378955339489,4502.265724298498,20626.319800337697,136.24865210505297,0.9221445672619686,0.18,0.0,0.0,True
EDGE_ROAD_NODE_002_NODE_061,NODE_002,NODE_061,road,49.16124233794071,0.8159315682345739,2609.7972116823153,22694.92746009223,305.796073458258,0.9141368537132972,0.18,0.0,0.0,True
EDGE_AIR_NODE_002_NODE_061,NODE_002,NODE_061,air,52.891311000097495,2.8,16353.474084135298,8053.932093100994,37.893811071969154,0.952364961354458,0.62,8.0,5.097285664567373,True
EDGE_ROAD_NODE_002_NODE_019,NODE_002,NODE_019,road,51.29924915877124,0.7920573287022727,2472.3447689187806,24577.1316630615,295.8836797090761,0.8897588435001194,0.18,0.0,0.0,True
EDGE_ROAD_NODE_002_NODE_068,NODE_002,NODE_068,road,55.62473440633521,0.9772839446714702,2410.402047261372,14068.967215590683,342.7544151114509,0.9081694440918628,0.18,0.0,0.0,True
EDGE_ROAD_NODE_002_NODE_007,NODE_002,NODE_007,road,79.2029310675959,1.1990799575683222,4005.6619132370847,25105.95981573847,300.68140335553585,0.9127306520536994,0.18,0.0,0.0,True
EDGE_ROAD_NODE_002_NODE_099,NODE_002,NODE_099,road,99.3116791805598,1.3849862773723394,5308.741116655276,25316.725240053776,121.98921584860116,0.953558704710986,0.18,0.0,0.0,True
EDGE_ROAD_NODE_002_NODE_029,NODE_002,NODE_029,road,105.16532098202548,1.9962182184150987,5270.034464712994,21605.349111476284,93.32172518992277,0.9099749758025921,0.18,0.0,0.0,True
EDGE_ROAD_NODE_003_NODE_038,NODE_003,NODE_038,road,32.60398679819559,0.5770831770844171,1822.139472069408,18192.397778950504,171.52039568947274,0.9610286085067109,0.18,0.0,0.0,True
EDGE_ROAD_NODE_003_NODE_092,NODE_003,NODE_092,road,56.65827880691814,1.080585474678678,3588.831344795495,24308.800340308433,166.6552782232905,0.9520586237627032,0.18,0.0,0.0,True
EDGE_AIR_NODE_003_NODE_092,NODE_003,NODE_092,air,61.187897645647716,2.8,19949.48314303525,12851.125140029173,38.139665428571945,0.9786736738786288,0.62,6.0,2.1159980128178777,True
EDGE_ROAD_NODE_003_NODE_021,NODE_003,NODE_021,road,88.35774733846714,1.597840792877945,3550.738091867284,22874.75116969106,143.51514134748243,0.9601702049843973,0.18,0.0,0.0,True
EDGE_ROAD_NODE_003_NODE_012,NODE_003,NODE_012,road,110.94628718285641,2.1841720871987436,3984.739268329759,12723.210838201585,253.59979796488648,0.9481629991945356,0.18,0.0,0.0,True
EDGE_AIR_NODE_003_NODE_012,NODE_003,NODE_012,air,118.81953837186961,2.8,25040.45390706195,14208.674682775087,113.50158871550524,0.9649319239014819,0.62,12.0,5.351920874621532,True
EDGE_ROAD_NODE_003_NODE_098,NODE_003,NODE_098,road,128.99580920502953,2.5351291430704657,5172.563014288227,13748.931510279002,226.22336735210635,0.9419706941161728,0.18,0.0,0.0,True
EDGE_ROAD_NODE_003_NODE_075,NODE_003,NODE_075,road,129.31621798849375,1.8816505768422782,5039.836347595605,22284.69528709226,142.1212025346041,0.889783462644958,0.18,0.0,0.0,True
EDGE_ROAD_NODE_004_NODE_025,NODE_004,NODE_025,road,42.809923072905384,0.5982005033462419,2418.2407717955048,12763.004409878138,256.4034218804338,0.8646585606738184,0.18,0.0,0.0,True
EDGE_ROAD_NODE_004_NODE_011,NODE_004,NODE_011,road,85.31387457978138,1.3003038470727533,3504.528963575975,13284.094081538773,139.55397179768613,0.9678029897509611,0.18,0.0,0.0,True
EDGE_ROAD_NODE_004_NODE_018,NODE_004,NODE_018,road,95.8912113615448,1.4258962650921345,4953.141967856805,20013.784099420922,129.18516875956342,0.9640626898913904,0.18,0.0,0.0,True
EDGE_AIR_NODE_004_NODE_018,NODE_004,NODE_018,air,101.13464184947247,2.8,27792.958631281457,12843.098397207781,114.65349687259666,0.8963282888912064,0.62,8.0,4.033410953787769,True
EDGE_ROAD_NODE_004_NODE_024,NODE_004,NODE_024,road,106.95825934638016,1.816276408748391,5059.854585690856,13669.045366768425,126.20554466564664,0.8905883100359383,0.18,0.0,0.0,True
EDGE_AIR_NODE_004_NODE_024,NODE_004,NODE_024,air,111.84349150755253,2.8,29202.16946956141,12711.662056764366,67.06298069270133,0.9249661420371567,0.62,12.0,4.353224993636033,True
EDGE_ROAD_NODE_004_NODE_037,NODE_004,NODE_037,road,115.97223578599105,2.0354969589467284,4231.4780956289505,17857.600618196047,218.015822274346,0.8848152155024632,0.18,0.0,0.0,True
EDGE_ROAD_NODE_004_NODE_044,NODE_004,NODE_044,road,117.40328838821924,1.8800474416259865,6154.921976856452,21071.278750816942,266.1569252606785,0.8947835567006447,0.18,0.0,0.0,True
EDGE_ROAD_NODE_005_NODE_072,NODE_005,NODE_072,road,40.96460367083919,0.6598554669942999,2155.0163266332447,20764.174733174797,187.37748030156865,0.9164013169067434,0.18,0.0,0.0,True
EDGE_ROAD_NODE_005_NODE_088,NODE_005,NODE_088,road,101.72795295682907,1.4636933675685098,5924.028812306388,19050.860952563387,230.47428097995365,0.947985745184022,0.18,0.0,0.0,True
EDGE_ROAD_NODE_005_NODE_023,NODE_005,NODE_023,road,102.34437842512696,1.4957727369742475,4908.762981607131,13621.994140693758,109.4559697096948,0.9526192532143409,0.18,0.0,0.0,True
EDGE_AIR_NODE_005_NODE_023,NODE_005,NODE_023,air,106.11440617423438,2.8,26063.91948418123,8556.950006724344,58.25040328217903,0.9616961823397594,0.62,4.0,2.058731374240283,True
EDGE_ROAD_NODE_005_NODE_093,NODE_005,NODE_093,road,111.01227283535442,1.6277980794955096,6254.48896008276,17211.662024681675,131.4754827463714,0.9260924448739589,0.18,0.0,0.0,True
EDGE_AIR_NODE_005_NODE_093,NODE_005,NODE_093,air,115.66314995255685,2.8,33053.51033483314,15959.180253252734,99.4894402219127,0.9142057660912842,0.62,12.0,4.821625461936051,True
EDGE_ROAD_NODE_005_NODE_083,NODE_005,NODE_083,road,133.90629107011708,2.287724794039532,6764.657795357926,12150.187029659468,146.4455678226052,0.9177597133263987,0.18,0.0,0.0,True
EDGE_AIR_NODE_005_NODE_083,NODE_005,NODE_083,air,137.9173752919438,2.8,36705.793210105025,15902.197024152449,80.03724852256036,0.9722976703969884,0.62,8.0,5.96128665730509,True
EDGE_ROAD_NODE_005_NODE_044,NODE_005,NODE_044,road,144.84660483426086,2.727032026583024,6613.335879778201,17496.018021786876,111.61330658446995,0.9430863190074219,0.18,0.0,0.0,True
EDGE_ROAD_NODE_006_NODE_048,NODE_006,NODE_048,road,41.0858007527538,0.6810720200720363,1883.3180988300978,14532.973131232153,334.91797798217806,0.8649113997871707,0.18,0.0,0.0,True
EDGE_AIR_NODE_006_NODE_048,NODE_006,NODE_048,air,42.627486255006,2.8,16363.224789913626,12278.006557133163,74.39609782656,0.889252686801257,0.62,6.0,5.374353539050165,True
EDGE_ROAD_NODE_006_NODE_034,NODE_006,NODE_034,road,87.39294359161191,1.3649399458560574,4578.119306633976,21382.845574918967,295.98381514067285,0.8663919329893592,0.18,0.0,0.0,True
EDGE_AIR_NODE_006_NODE_034,NODE_006,NODE_034,air,91.9698559064012,2.8,23601.308771067153,14600.309859584679,73.43152577285645,0.9645490348405317,0.62,4.0,5.408062067524677,True
EDGE_ROAD_NODE_006_NODE_057,NODE_006,NODE_057,road,105.21843006978443,1.7219166936558792,6083.829582231338,20219.735167517727,319.5740606851049,0.8974649875150676,0.18,0.0,0.0,True
EDGE_ROAD_NODE_006_NODE_065,NODE_006,NODE_065,road,110.16035013469136,1.785678194961106,4222.681658553761,17579.735093821568,337.68117158895257,0.9293915464401217,0.18,0.0,0.0,True
EDGE_AIR_NODE_006_NODE_065,NODE_006,NODE_065,air,114.60326446521725,2.8,26111.013389361084,7223.408186187153,113.4714412653624,0.9293028061082559,0.62,6.0,4.393908766230947,True
EDGE_ROAD_NODE_006_NODE_081,NODE_006,NODE_081,road,111.65300851074184,2.2258964324609103,4737.90438357114,21842.468519784496,261.11783872870103,0.9679986542296789,0.18,0.0,0.0,True
EDGE_ROAD_NODE_007_NODE_067,NODE_007,NODE_067,road,26.521647578705082,0.4383371777019785,1753.3594288157549,24646.590207496745,284.58790561395494,0.9659532345904317,0.18,0.0,0.0,True
EDGE_ROAD_NODE_007_NODE_029,NODE_007,NODE_029,road,66.55467625304068,0.9635881163842627,2732.009468500043,22253.789041913027,208.8239488723895,0.9208414182652402,0.18,0.0,0.0,True
EDGE_ROAD_NODE_007_NODE_099,NODE_007,NODE_099,road,72.41864528914493,1.0151776626820934,4448.640109380566,16035.195436830674,288.1134443082374,0.9424981891728795,0.18,0.0,0.0,True
EDGE_AIR_NODE_007_NODE_099,NODE_007,NODE_099,air,74.40524707220412,2.8,19375.83621188831,13996.088147762606,74.07297676352152,0.9884094186444419,0.62,6.0,3.859893824774612,True
EDGE_ROAD_NODE_007_NODE_094,NODE_007,NODE_094,road,76.40818167096384,1.0684341003902909,3619.8083882001088,23111.550107839616,112.90120352419466,0.9211007881151541,0.18,0.0,0.0,True
EDGE_ROAD_NODE_007_NODE_068,NODE_007,NODE_068,road,108.20595609163306,1.5382523402383927,6018.7919497739285,12517.59018081644,190.62963215281823,0.8653568319545236,0.18,0.0,0.0,True
EDGE_AIR_NODE_007_NODE_068,NODE_007,NODE_068,air,114.75440068570731,2.8,30323.136658596708,13963.486144764636,107.89108932500966,0.9613374615324161,0.62,6.0,2.195854839293117,True
EDGE_ROAD_NODE_008_NODE_059,NODE_008,NODE_059,road,19.525266014884075,0.4,1336.2337794974687,24013.754264747524,91.21503373370797,0.9166092276327985,0.18,0.0,0.0,True
EDGE_ROAD_NODE_008_NODE_085,NODE_008,NODE_085,road,85.39045159260051,1.6858471516716855,3975.0208263716263,24538.888339371755,271.33545839108183,0.8861424199696657,0.18,0.0,0.0,True
EDGE_ROAD_NODE_008_NODE_040,NODE_008,NODE_040,road,111.07734821887568,1.9265300468249345,6249.369459501397,16185.211115664677,249.38646773845022,0.9036634074522617,0.18,0.0,0.0,True
EDGE_ROAD_NODE_008_NODE_063,NODE_008,NODE_063,road,136.93615909842768,1.9701835046187146,5418.47768977191,13187.362277300683,182.3202734073283,0.9389403062405725,0.18,0.0,0.0,True
EDGE_ROAD_NODE_008_NODE_047,NODE_008,NODE_047,road,142.77525726750676,1.983751385801106,6004.3242869785345,17711.18731583795,126.94174506799911,0.9232359122585336,0.18,0.0,0.0,True
EDGE_ROAD_NODE_008_NODE_074,NODE_008,NODE_074,road,162.67720040407167,2.4866820027495944,7949.53181748236,17493.167300905116,337.13066527709975,0.9146608255743385,0.18,0.0,0.0,True
EDGE_AIR_NODE_008_NODE_074,NODE_008,NODE_074,air,169.49706914102373,2.8,32648.926908459798,8817.811339199034,31.590190289992098,0.9298607908150179,0.62,12.0,4.538161059807189,True
EDGE_ROAD_NODE_009_NODE_010,NODE_009,NODE_010,road,44.024202600187266,0.7649407576465047,2272.941817882167,25428.929819824065,293.03004282522716,0.9194942300639446,0.18,0.0,0.0,True
EDGE_AIR_NODE_009_NODE_010,NODE_009,NODE_010,air,47.27406078024512,2.8,15991.385412368141,9928.084574650093,111.81583329806537,0.938249626081358,0.62,12.0,4.362979176655065,True
EDGE_ROAD_NODE_009_NODE_051,NODE_009,NODE_051,road,89.99626343431393,1.3979858195171087,3946.521491602052,15379.208862773281,177.0729337355396,0.8770985720491764,0.18,0.0,0.0,True
EDGE_ROAD_NODE_009_NODE_027,NODE_009,NODE_027,road,100.62216243356957,1.7894291129289313,4995.867847062006,23087.641951979236,301.6325095314427,0.9082224884442612,0.18,0.0,0.0,True
EDGE_ROAD_NODE_009_NODE_042,NODE_009,NODE_042,road,109.15621630892578,1.5185169021165257,5680.2751167314955,23404.93820365036,333.68957168919263,0.9466348819852273,0.18,0.0,0.0,True
EDGE_AIR_NODE_009_NODE_042,NODE_009,NODE_042,air,115.02120644796867,2.8,25171.660737364982,12876.299139075985,115.98144853690299,0.9364005270730122,0.62,8.0,3.7318899714710687,True
EDGE_ROAD_NODE_009_NODE_075,NODE_009,NODE_075,road,123.97479460469903,2.440999353555766,7242.901809892486,13442.037577822222,101.09135519230867,0.8870673272655432,0.18,0.0,0.0,True
EDGE_AIR_NODE_009_NODE_075,NODE_009,NODE_075,air,129.83967895882896,2.8,31475.021577365165,9813.129541257254,34.586443431739745,0.8922760405074149,0.62,8.0,2.2421138033061445,True
EDGE_ROAD_NODE_010_NODE_042,NODE_010,NODE_042,road,66.61826720015523,1.0192486213002017,2882.7769444342653,16229.001962970939,196.41395983808633,0.9058270596376062,0.18,0.0,0.0,True
EDGE_AIR_NODE_010_NODE_042,NODE_010,NODE_042,air,68.39858857938303,2.8,22924.627827070948,7011.097562607173,75.73506202315876,0.9338452207157929,0.62,6.0,3.3323766440425513,True
EDGE_ROAD_NODE_010_NODE_051,NODE_010,NODE_051,road,75.58423557138069,1.2705540271438764,4254.686624237438,23776.85188700939,160.29410672211753,0.8954739485064502,0.18,0.0,0.0,True
EDGE_AIR_NODE_010_NODE_051,NODE_010,NODE_051,air,79.27212678136843,2.8,23713.277832905165,9054.275879170786,59.766216784937995,0.9823423079348066,0.62,6.0,3.843078420958265,True
EDGE_ROAD_NODE_010_NODE_022,NODE_010,NODE_022,road,88.63825513396301,1.3500758716533448,3576.487709783447,12663.236280076746,127.3154503424033,0.961070551288375,0.18,0.0,0.0,True
EDGE_AIR_NODE_010_NODE_022,NODE_010,NODE_022,air,91.4125721116819,2.8,21631.188998599828,7995.66520805983,85.81343579654666,0.9065802799612994,0.62,4.0,4.276848201722707,True
EDGE_ROAD_NODE_010_NODE_071,NODE_010,NODE_071,road,95.17614715719687,1.5111091104204952,5405.9402833345075,12066.379500766236,320.409754022439,0.9281030995069671,0.18,0.0,0.0,True
EDGE_AIR_NODE_010_NODE_071,NODE_010,NODE_071,air,101.4935822561286,2.8,28838.451711863403,9288.371353787416,112.69143128124128,0.9299903173328523,0.62,12.0,5.938598134470574,True
EDGE_ROAD_NODE_011_NODE_018,NODE_011,NODE_018,road,22.97728980599955,0.4,1603.6940245287633,16457.587649598434,305.7876510052026,0.9260807310748906,0.18,0.0,0.0,True
EDGE_AIR_NODE_011_NODE_018,NODE_011,NODE_018,air,24.007627454774017,2.8,12800.693054718662,7702.975537723275,32.685129308972776,0.9181126520947899,0.62,8.0,2.0761365912699463,True
EDGE_ROAD_NODE_011_NODE_024,NODE_011,NODE_024,road,27.469389444780802,0.5120994644053757,1777.1086956564725,21913.277299570233,289.4167043434933,0.8948868488242977,0.18,0.0,0.0,True
EDGE_ROAD_NODE_011_NODE_058,NODE_011,NODE_058,road,63.02077854495838,0.9993103303939129,2627.2795896157577,14012.061260377479,277.1357652710194,0.8790238330086285,0.18,0.0,0.0,True
EDGE_ROAD_NODE_011_NODE_013,NODE_011,NODE_013,road,93.70435405673665,1.3047286075170073,3427.552050124028,12232.117226565797,358.1328371212368,0.9243102717547582,0.18,0.0,0.0,True
EDGE_AIR_NODE_011_NODE_013,NODE_011,NODE_013,air,100.62330851917017,2.8,28718.24695576244,11825.803718002377,85.9612826874681,0.9100505910650964,0.62,8.0,4.378270435563458,True
EDGE_ROAD_NODE_011_NODE_043,NODE_011,NODE_043,road,116.4175835979594,2.06104945820728,5999.534483381424,23707.432475796417,94.9033468568783,0.92552851521543,0.18,0.0,0.0,True
EDGE_AIR_NODE_011_NODE_043,NODE_011,NODE_043,air,124.85009450551927,2.8,27660.942415594058,12496.931199118764,79.81867560806504,0.9235783150065173,0.62,4.0,4.710483054399177,True
EDGE_ROAD_NODE_012_NODE_075,NODE_012,NODE_075,road,18.415114888296834,0.4,1259.84906767328,22617.911320586558,355.52261051809313,0.9061199626690886,0.18,0.0,0.0,True
EDGE_ROAD_NODE_012_NODE_089,NODE_012,NODE_089,road,63.59929635297967,1.265044946388086,3670.222028692589,19283.220938643914,200.14958619735262,0.8703479159398335,0.18,0.0,0.0,True
EDGE_ROAD_NODE_012_NODE_028,NODE_012,NODE_028,road,127.2819109760745,2.1687095849731945,6578.148116446528,14091.238189154112,349.61839997607876,0.8796285938004014,0.18,0.0,0.0,True
EDGE_AIR_NODE_012_NODE_028,NODE_012,NODE_028,air,136.38752799484485,2.8,36111.88958450443,8909.326667709713,72.28207993573452,0.9606844395019113,0.62,8.0,3.516210780149221,True
EDGE_ROAD_NODE_012_NODE_038,NODE_012,NODE_038,road,128.75132682685242,2.0978008191941395,6831.969786067267,22235.903673139135,301.39923510704295,0.9226927200505679,0.18,0.0,0.0,True
EDGE_AIR_NODE_012_NODE_038,NODE_012,NODE_038,air,138.30961900038452,2.8,35940.67478795696,14182.876922364998,38.987622944465656,0.9024837103789572,0.62,12.0,4.974401460430608,True
EDGE_ROAD_NODE_013_NODE_058,NODE_013,NODE_058,road,35.84357032917121,0.7096460448802021,2409.3680191657295,17280.02552497953,284.2143840965224,0.9576328197336847,0.18,0.0,0.0,True
EDGE_ROAD_NODE_013_NODE_043,NODE_013,NODE_043,road,72.70418123802153,1.2750441054446768,3808.726408315632,20133.85123247271,200.4677939586952,0.9261952231454479,0.18,0.0,0.0,True
EDGE_ROAD_NODE_013_NODE_016,NODE_013,NODE_016,road,101.68814508696072,1.6867038320708392,4154.172980884229,17280.883760362056,196.408885300142,0.8744219562328842,0.18,0.0,0.0,True
EDGE_AIR_NODE_013_NODE_016,NODE_013,NODE_016,air,107.89861883511713,2.8,25998.00936207774,15594.085526702269,51.92370708227467,0.8908816955615304,0.62,6.0,5.52414420767148,True
EDGE_ROAD_NODE_013_NODE_037,NODE_013,NODE_037,road,101.70237020070175,1.8122790406745108,4167.7439806633865,14600.72588819522,230.94332136895832,0.9115258305371448,0.18,0.0,0.0,True
EDGE_ROAD_NODE_013_NODE_024,NODE_013,NODE_024,road,110.3362044292393,2.1637176652461156,5225.780788707232,25430.65286689852,266.1801842032191,0.914505721229148,0.18,0.0,0.0,True
EDGE_AIR_NODE_013_NODE_024,NODE_013,NODE_024,air,114.21410024739039,2.8,27049.007720947186,13883.23197346511,108.90397175381574,0.9791806038923082,0.62,12.0,5.938274433003016,True
EDGE_ROAD_NODE_014_NODE_080,NODE_014,NODE_080,road,26.63910008561366,0.4,1881.7401454430596,13005.509967040382,127.20425470050739,0.8934913179123636,0.18,0.0,0.0,True
EDGE_ROAD_NODE_014_NODE_094,NODE_014,NODE_094,road,44.33302994570357,0.8503748726218462,2738.578762859971,20634.586507082327,236.43838862159532,0.878184245570402,0.18,0.0,0.0,True
EDGE_AIR_NODE_014_NODE_094,NODE_014,NODE_094,air,45.64611761286933,2.8,18228.12644809887,12258.050740550963,96.161648476767,0.9125636149201029,0.62,12.0,3.619419857706135,True
EDGE_ROAD_NODE_014_NODE_029,NODE_014,NODE_029,road,64.23355077163916,0.9627283223884107,3666.137021030571,14895.389385196444,344.21549131928674,0.8732720871188054,0.18,0.0,0.0,True
EDGE_ROAD_NODE_014_NODE_099,NODE_014,NODE_099,road,73.373584022827,1.405389870158657,3233.8003061919085,23850.699504951397,138.4628595334436,0.9054924724440967,0.18,0.0,0.0,True
EDGE_AIR_NODE_014_NODE_099,NODE_014,NODE_099,air,75.92078749515179,2.8,23441.360639758634,14662.011844619836,108.71176258700146,0.9173254360310217,0.62,6.0,4.123401577151258,True
EDGE_ROAD_NODE_014_NODE_067,NODE_014,NODE_067,road,101.66887510649312,1.8330295405382337,4270.720442030376,14257.556879926939,343.80513291802896,0.9576787711466137,0.18,0.0,0.0,True
EDGE_ROAD_NODE_015_NODE_054,NODE_015,NODE_054,road,35.58193494995542,0.5796183969102955,1977.584612854813,19416.439326554973,234.8733636658141,0.9078019393167459,0.18,0.0,0.0,True
EDGE_AIR_NODE_015_NODE_054,NODE_015,NODE_054,air,36.56185543125427,2.8,16692.101888620527,11338.276836277155,115.788497241467,0.8979934565481121,0.62,6.0,2.830869013406157,True
EDGE_ROAD_NODE_015_NODE_017,NODE_015,NODE_017,road,83.90371333974218,1.5098726062989047,3165.439405133941,13665.34635036296,337.54907005988287,0.8953686290630565,0.18,0.0,0.0,True
EDGE_ROAD_NODE_015_NODE_023,NODE_015,NODE_023,road,152.57692368234754,2.533224906079847,6768.8524158580785,19446.405278844955,140.5545150461422,0.9687464288371535,0.18,0.0,0.0,True
EDGE_ROAD_NODE_015_NODE_031,NODE_015,NODE_031,road,215.7094955247935,3.2527753575507097,9749.48381234787,14140.279709768703,338.57978173386334,0.89755257741199,0.18,0.0,0.0,True
EDGE_AIR_NODE_015_NODE_031,NODE_015,NODE_031,air,224.4552688987287,2.8,52909.08339462251,12604.378704893874,97.57547262703737,0.9672998922248615,0.62,8.0,2.8478184443221704,True
EDGE_ROAD_NODE_015_NODE_072,NODE_015,NODE_072,road,216.42723798429802,3.077606487826209,9620.700736119032,20946.191089698303,90.62336859842034,0.9692705348252295,0.18,0.0,0.0,True
EDGE_ROAD_NODE_015_NODE_088,NODE_015,NODE_088,road,224.78409297735232,4.376178205301539,10085.331391740914,13806.420800548585,131.12821174254543,0.9295511094333231,0.18,0.0,0.0,True
EDGE_ROAD_NODE_016_NODE_043,NODE_016,NODE_043,road,32.31297330995527,0.4597698731912366,1701.5246329258355,22166.521797374615,214.49684614182507,0.9325946431242207,0.18,0.0,0.0,True
EDGE_AIR_NODE_016_NODE_043,NODE_016,NODE_043,air,33.875856129742544,2.8,15979.760166867844,10084.422784794602,45.95119511243453,0.9545903466967811,0.62,12.0,2.161014959759695,True
EDGE_ROAD_NODE_016_NODE_058,NODE_016,NODE_058,road,85.33151486888387,1.4247583995742055,4978.384313312681,22494.660664920146,357.7880834543596,0.9184555192756968,0.18,0.0,0.0,True
EDGE_ROAD_NODE_016_NODE_073,NODE_016,NODE_073,road,101.7394460542503,1.7957854574681267,5989.304202376808,17128.696839791508,289.3978924253897,0.904345422453099,0.18,0.0,0.0,True
EDGE_ROAD_NODE_016_NODE_069,NODE_016,NODE_069,road,101.84778042966781,1.5470106574078368,4923.140503526918,24699.20857673312,203.21126674050876,0.9311778977957658,0.18,0.0,0.0,True
EDGE_AIR_NODE_016_NODE_069,NODE_016,NODE_069,air,106.37892708187499,2.8,26844.139404267284,8132.263164810567,38.255131115310604,0.9534238915461434,0.62,12.0,4.622070953372209,True
EDGE_ROAD_NODE_016_NODE_086,NODE_016,NODE_086,road,110.30068931629756,1.7078636488450507,4001.9481192406856,16571.65579740492,143.40865875998315,0.9455966564798414,0.18,0.0,0.0,True
EDGE_ROAD_NODE_017_NODE_054,NODE_017,NODE_054,road,76.82696051122986,1.3860935004927966,4109.874439261892,13811.079248415843,164.2911819124626,0.8752519945856762,0.18,0.0,0.0,True
EDGE_ROAD_NODE_017_NODE_023,NODE_017,NODE_023,road,125.85542357917353,1.9408893275684176,7197.043447578798,14835.313710938604,236.36133943669418,0.9371530211367776,0.18,0.0,0.0,True
EDGE_ROAD_NODE_017_NODE_031,NODE_017,NODE_031,road,136.80524567643295,2.1570857049426677,5635.367054596934,20756.694196795106,176.53261365306435,0.9673741229760878,0.18,0.0,0.0,True
EDGE_AIR_NODE_017_NODE_031,NODE_017,NODE_031,air,145.1675570538905,2.8,28406.946803454044,10600.553015212798,108.75968519902605,0.947125018887657,0.62,6.0,5.743749997742904,True
EDGE_ROAD_NODE_017_NODE_088,NODE_017,NODE_088,road,160.56556658001642,2.334220633096551,6799.779944040729,19623.677628578756,222.25254914496495,0.9295422750126349,0.18,0.0,0.0,True
EDGE_ROAD_NODE_017_NODE_066,NODE_017,NODE_066,road,178.62523242665188,3.2258828861523026,10048.636686495558,24934.24299297909,317.6971791557343,0.9676024873841017,0.18,0.0,0.0,True
EDGE_ROAD_NODE_018_NODE_024,NODE_018,NODE_024,road,12.116229660000004,0.4,1029.4725496958372,18728.506833192292,213.24209251885335,0.8864248903763904,0.18,0.0,0.0,True
EDGE_ROAD_NODE_018_NODE_058,NODE_018,NODE_058,road,80.43648054728868,1.4270632341306357,3491.6602046800585,20203.459237344767,200.69524482076167,0.8840742269674096,0.18,0.0,0.0,True
EDGE_ROAD_NODE_018_NODE_083,NODE_018,NODE_083,road,98.0211620843771,1.4219868382791125,3951.191629895458,12105.098459199999,180.7550915029309,0.9477261919248827,0.18,0.0,0.0,True
EDGE_ROAD_NODE_019_NODE_061,NODE_019,NODE_061,road,40.00522028765746,0.7542001701378724,2443.626528488312,13619.858342332012,195.3168993422629,0.9698470466513107,0.18,0.0,0.0,True
EDGE_AIR_NODE_019_NODE_061,NODE_019,NODE_061,air,41.174885515648306,2.8,15953.868475570387,12577.016733728753,113.96107041719279,0.9878903260086338,0.62,6.0,2.2785625463655785,True
EDGE_ROAD_NODE_019_NODE_068,NODE_019,NODE_068,road,54.31832663938069,1.0241794739114876,3189.0239777140546,15788.850131792045,328.9092460667174,0.9329798582951996,0.18,0.0,0.0,True
EDGE_AIR_NODE_019_NODE_068,NODE_019,NODE_068,air,58.11798903028944,2.8,17370.91640585069,10811.458552116885,79.6966435703397,0.9350842763988306,0.62,6.0,4.610746939477021,True
EDGE_ROAD_NODE_019_NODE_092,NODE_019,NODE_092,road,108.61530229863152,1.5122230009560353,6500.949980618464,19230.431636898975,115.70375347943327,0.940062762886559,0.18,0.0,0.0,True
EDGE_ROAD_NODE_019_NODE_099,NODE_019,NODE_099,road,132.69733929366186,2.327893602864088,6135.143465618946,17946.876947416382,103.88317173037093,0.9339490874345789,0.18,0.0,0.0,True
EDGE_AIR_NODE_019_NODE_099,NODE_019,NODE_099,air,141.6209477367438,2.8,36411.237098133555,14391.077079380608,67.49993982358922,0.9153700250464989,0.62,8.0,4.995283118668219,True
EDGE_ROAD_NODE_020_NODE_091,NODE_020,NODE_091,road,39.061958113687155,0.5775784461362367,2130.530126693424,24502.434273508243,128.85534794121074,0.9566975657624855,0.18,0.0,0.0,True
EDGE_AIR_NODE_020_NODE_091,NODE_020,NODE_091,air,40.20301772667365,2.8,16136.901034949613,7607.6663216867355,34.75263912600993,0.8800570618582276,0.62,4.0,5.09849552516892,True
EDGE_ROAD_NODE_020_NODE_056,NODE_020,NODE_056,road,42.486832788933306,0.8369078014377341,2444.6752859152575,23523.78244382661,135.3602291160252,0.8761550108303544,0.18,0.0,0.0,True
EDGE_ROAD_NODE_020_NODE_066,NODE_020,NODE_066,road,82.29907040236738,1.2083481310598272,4118.076005625017,23468.798310115722,115.04414090461358,0.903392966973263,0.18,0.0,0.0,True
EDGE_ROAD_NODE_020_NODE_031,NODE_020,NODE_031,road,85.36490370690086,1.5335762963410675,4693.016566697727,19058.500461471394,292.57181674602293,0.9111147601643063,0.18,0.0,0.0,True
EDGE_AIR_NODE_020_NODE_031,NODE_020,NODE_031,air,88.19486576253625,2.8,22374.14911225472,13763.417295142564,40.70193132305644,0.8894580585122039,0.62,6.0,2.7051654600885207,True
EDGE_ROAD_NODE_020_NODE_088,NODE_020,NODE_088,road,104.11955314781117,1.9332370583949083,5808.6640498310335,17579.092728638974,357.40488348733027,0.8750932383569674,0.18,0.0,0.0,True
EDGE_ROAD_NODE_020_NODE_083,NODE_020,NODE_083,road,109.50840614714977,1.8290405570950048,4956.937235340971,24251.178786757155,353.4108243736679,0.9560144854651597,0.18,0.0,0.0,True
EDGE_AIR_NODE_020_NODE_083,NODE_020,NODE_083,air,113.14932797602442,2.8,30078.825245759228,9601.752234743726,96.1252617702522,0.9423062715890609,0.62,8.0,5.314187699355143,True
EDGE_ROAD_NODE_021_NODE_098,NODE_021,NODE_098,road,44.02522703070193,0.6707919032815247,1856.8894762938476,12692.42792004422,252.42078216312424,0.9134811283184503,0.18,0.0,0.0,True
EDGE_ROAD_NODE_021_NODE_092,NODE_021,NODE_092,road,72.74912161249837,1.228653748926302,4071.2673303726906,23572.56078521102,241.53022833031193,0.9023906428942813,0.18,0.0,0.0,True
EDGE_ROAD_NODE_021_NODE_038,NODE_021,NODE_038,road,74.39176040669051,1.2099721987012455,3362.491010110224,19897.33191866112,272.6961432776022,0.8672687132011334,0.18,0.0,0.0,True
EDGE_AIR_NODE_021_NODE_038,NODE_021,NODE_038,air,76.82709581797182,2.8,24738.389258482704,12816.616869057032,45.476431674332055,0.9779290358005981,0.62,8.0,3.87982376114936,True
EDGE_ROAD_NODE_021_NODE_068,NODE_021,NODE_068,road,135.1074431790362,2.234140316816763,7777.006502192997,12832.81369056676,148.098134149754,0.9244348457670194,0.18,0.0,0.0,True
EDGE_AIR_NODE_021_NODE_068,NODE_021,NODE_068,air,143.31814144973612,2.8,30229.078990395526,7892.412735389329,48.628664367675576,0.9265007437699269,0.62,8.0,2.5387680996933892,True
EDGE_ROAD_NODE_021_NODE_061,NODE_021,NODE_061,road,144.86643999937215,2.1017615486334713,6169.681334481413,17050.62161125555,104.92301056533147,0.899310658585226,0.18,0.0,0.0,True
EDGE_AIR_NODE_021_NODE_061,NODE_021,NODE_061,air,153.07009670207452,2.8,31661.63449864913,14995.289077565565,113.66999588275996,0.8909814162894469,0.62,4.0,2.429611825154309,True
EDGE_ROAD_NODE_022_NODE_030,NODE_022,NODE_030,road,10.324598138584829,0.4,903.9104266049345,13707.56549893472,320.1432258411719,0.9429698666431682,0.18,0.0,0.0,True
EDGE_ROAD_NODE_022_NODE_071,NODE_022,NODE_071,road,16.302518006264755,0.4,1331.640932693866,12618.451441218258,198.3415403302506,0.89563303358314,0.18,0.0,0.0,True
EDGE_ROAD_NODE_022_NODE_095,NODE_022,NODE_095,road,27.33682532947137,0.4360570260312013,1823.7072490525322,14384.776711219263,354.2312188531185,0.9148503501563946,0.18,0.0,0.0,True
EDGE_ROAD_NODE_022_NODE_042,NODE_022,NODE_042,road,55.62682331814653,0.7795297242747625,2708.352709114934,17565.3503437699,247.88322975733288,0.8740857871602565,0.18,0.0,0.0,True
EDGE_ROAD_NODE_022_NODE_051,NODE_022,NODE_051,road,90.72521477656886,1.6723362147041931,3548.0968526468037,24126.02448863428,249.11941485441852,0.8994540070680702,0.18,0.0,0.0,True
EDGE_ROAD_NODE_023_NODE_072,NODE_023,NODE_072,road,65.01686459542849,1.092841304004003,3488.508658514724,24974.771480845906,341.8504973073853,0.9030641177483729,0.18,0.0,0.0,True
EDGE_ROAD_NODE_023_NODE_088,NODE_023,NODE_088,road,103.23790366611968,1.7228420478569322,5130.789062187875,18465.450760296477,267.8634206505093,0.9209838925717739,0.18,0.0,0.0,True
EDGE_ROAD_NODE_023_NODE_093,NODE_023,NODE_093,road,128.9660808091688,2.2387582334774985,5718.729658714123,13324.956755491441,134.83691075177273,0.9395425182359924,0.18,0.0,0.0,True
EDGE_AIR_NODE_023_NODE_093,NODE_023,NODE_093,air,133.20549745366665,2.8,32860.50375898658,13799.855882260847,53.16801261108343,0.9709468870116119,0.62,12.0,4.389578116295363,True
EDGE_ROAD_NODE_023_NODE_031,NODE_023,NODE_031,road,138.96882430616657,2.147336088389085,5042.356543283588,25237.27847430669,195.97087825153483,0.9616290440599973,0.18,0.0,0.0,True
EDGE_AIR_NODE_023_NODE_031,NODE_023,NODE_031,air,141.78671293498775,2.8,28884.126309454274,13123.769251029298,80.64012124487398,0.8829185680926682,0.62,12.0,4.973839844889541,True
EDGE_ROAD_NODE_024_NODE_058,NODE_024,NODE_058,road,75.74915522256737,1.1018508109461411,3746.4498855019465,18520.60416500157,91.47773938534942,0.9465314683742959,0.18,0.0,0.0,True
EDGE_AIR_NODE_024_NODE_058,NODE_024,NODE_058,air,81.25807443734989,2.8,21865.603679508,12085.701195676349,54.33076093793947,0.897664714384341,0.62,6.0,3.9863619153851264,True
EDGE_ROAD_NODE_024_NODE_083,NODE_024,NODE_083,road,97.36131258851483,1.5753560688817503,5791.421949029459,25490.118771110152,321.02337285964893,0.8806370222041536,0.18,0.0,0.0,True
EDGE_AIR_NODE_024_NODE_083,NODE_024,NODE_083,air,104.43839399492637,2.8,25547.247791970538,7909.955493420264,102.98666120159297,0.9329939906498389,0.62,12.0,4.257570721436714,True
EDGE_ROAD_NODE_025_NODE_079,NODE_025,NODE_079,road,87.47626245606469,1.2216131001351422,4494.038473639397,17949.71139932542,189.8957793187434,0.905938122191945,0.18,0.0,0.0,True
EDGE_AIR_NODE_025_NODE_079,NODE_025,NODE_079,air,93.39709621130035,2.8,27109.10392390022,9559.57421116068,57.34169565689497,0.9761767681968294,0.62,4.0,4.081829775068911,True
EDGE_ROAD_NODE_025_NODE_037,NODE_025,NODE_037,road,99.05235340865364,1.6453642687537258,5230.28364532631,14287.483802092363,270.4493000146915,0.9014407408662364,0.18,0.0,0.0,True
EDGE_ROAD_NODE_025_NODE_044,NODE_025,NODE_044,road,105.29523318392421,2.069396770738958,4956.271611363239,19311.51251575321,147.8681287708464,0.8753586019597033,0.18,0.0,0.0,True
EDGE_AIR_NODE_025_NODE_044,NODE_025,NODE_044,air,109.57532275137355,2.8,24556.824425400388,15525.87816156644,66.44946553462356,0.9689866562757424,0.62,4.0,5.897668492435386,True
EDGE_ROAD_NODE_025_NODE_087,NODE_025,NODE_087,road,108.44657436546079,2.0945265256787278,5586.402093681448,24199.727214376995,261.24329717101665,0.9071928733493154,0.18,0.0,0.0,True
EDGE_AIR_NODE_025_NODE_087,NODE_025,NODE_087,air,110.84909252543206,2.8,28820.5700216064,15941.886971081627,116.28367733747407,0.884443915172638,0.62,4.0,3.2070594667877232,True
EDGE_ROAD_NODE_026_NODE_069,NODE_026,NODE_069,road,40.27571474233832,0.5764728523632409,1752.4315588474672,25102.237428155127,316.11845082269974,0.8729254820477862,0.18,0.0,0.0,True
EDGE_AIR_NODE_026_NODE_069,NODE_026,NODE_069,air,43.0983359040856,2.8,15140.460185935619,11814.083376782834,112.41703720908386,0.9424192924904256,0.62,8.0,3.5889332058912964,True
EDGE_ROAD_NODE_026_NODE_095,NODE_026,NODE_095,road,75.1305774953028,1.2565668785307234,2937.987187486124,25562.532499062385,173.87662997189236,0.8808299840840139,0.18,0.0,0.0,True
EDGE_ROAD_NODE_026_NODE_030,NODE_026,NODE_030,road,91.58872204286233,1.286065653774242,3558.092044861951,24142.24256701654,281.1178514883909,0.9513021097074931,0.18,0.0,0.0,True
EDGE_ROAD_NODE_026_NODE_073,NODE_026,NODE_073,road,104.13813928040943,1.5196568905394927,6110.230441582378,13777.093595072876,304.8629125950819,0.9200243263489152,0.18,0.0,0.0,True
EDGE_ROAD_NODE_026_NODE_042,NODE_026,NODE_042,road,107.8650814088647,1.5458704538900911,6387.451357366225,21867.736522604533,220.39336515738165,0.910204424369203,0.18,0.0,0.0,True
EDGE_ROAD_NODE_027_NODE_042,NODE_027,NODE_042,road,161.02525187150323,2.7784445777019466,7085.827766887759,13256.545293516734,110.90774302031832,0.9457856828259543,0.18,0.0,0.0,True
EDGE_ROAD_NODE_027_NODE_051,NODE_027,NODE_051,road,189.69706809052943,2.691690811764839,9277.582907385731,12492.463750581877,132.53130215571946,0.8826401772314308,0.18,0.0,0.0,True
EDGE_ROAD_NODE_028_NODE_051,NODE_028,NODE_051,road,57.73272026766404,1.0532958898536584,2982.0705250196,25106.477042962746,353.84203707687647,0.8859996478921899,0.18,0.0,0.0,True
EDGE_AIR_NODE_028_NODE_051,NODE_028,NODE_051,air,59.41944577084751,2.8,17375.070865145884,8756.118169831028,81.17127432333618,0.9803693675925206,0.62,6.0,4.503958226796323,True
EDGE_ROAD_NODE_028_NODE_039,NODE_028,NODE_039,road,83.28686090001429,1.5298532213315559,4685.453868493883,20649.044719078163,323.31694388203573,0.9643727417706363,0.18,0.0,0.0,True
EDGE_ROAD_NODE_028_NODE_089,NODE_028,NODE_089,road,96.01800933895608,1.8467580407236608,4013.2142698352563,18129.78191946172,345.3372859926078,0.9016140804610757,0.18,0.0,0.0,True
EDGE_ROAD_NODE_028_NODE_075,NODE_028,NODE_075,road,109.22342866334355,1.7647854065423982,4394.357733935825,16490.277665348323,266.36180895616104,0.9340138734153383,0.18,0.0,0.0,True
EDGE_ROAD_NODE_029_NODE_099,NODE_029,NODE_099,road,13.70285924848362,0.4,1095.903983715995,14364.222582578008,342.9008168035842,0.8806693936940124,0.18,0.0,0.0,True
EDGE_AIR_NODE_029_NODE_099,NODE_029,NODE_099,air,14.386068218703935,2.8,11487.945496027976,11573.736233004203,69.30007404049556,0.9894296382112568,0.62,8.0,3.9451224506823275,True
EDGE_ROAD_NODE_029_NODE_080,NODE_029,NODE_080,road,51.491399715512536,0.8508890161357417,2588.9405890165626,12935.56056582048,250.09829041039634,0.88507645494455,0.18,0.0,0.0,True
EDGE_ROAD_NODE_029_NODE_094,NODE_029,NODE_094,road,52.02932055042992,1.0178210883989058,3310.3999554173492,18566.071106177413,332.1239503294886,0.9123117290556229,0.18,0.0,0.0,True
EDGE_AIR_NODE_029_NODE_094,NODE_029,NODE_094,air,55.636659690475746,2.8,18982.069600774154,14035.813428165508,68.5352877157986,0.9501730418671309,0.62,4.0,4.52426177148755,True
EDGE_ROAD_NODE_029_NODE_067,NODE_029,NODE_067,road,68.55522474668867,1.1891869562405162,3703.843957728613,21405.958640596942,349.35847987678875,0.9008003553695836,0.18,0.0,0.0,True
EDGE_ROAD_NODE_030_NODE_095,NODE_030,NODE_095,road,18.711636975454066,0.4,1245.8997631184866,22312.023303620263,214.12155540246985,0.8837044655993971,0.18,0.0,0.0,True
EDGE_ROAD_NODE_030_NODE_071,NODE_030,NODE_071,road,21.73764234700012,0.41103285040448206,1219.2063307952178,20775.549758978923,291.76284605185884,0.9584156675554596,0.18,0.0,0.0,True
EDGE_ROAD_NODE_030_NODE_042,NODE_030,NODE_042,road,57.47712913517477,1.0961400911794903,3578.0877477328236,14161.923232309993,143.37008520875267,0.8920462398914312,0.18,0.0,0.0,True
EDGE_ROAD_NODE_031_NODE_056,NODE_031,NODE_056,road,53.719805491317345,0.7738134853963999,3119.5870015199985,21914.205753796894,137.29875332112098,0.8993450894678572,0.18,0.0,0.0,True
EDGE_AIR_NODE_031_NODE_056,NODE_031,NODE_056,air,55.26938321388076,2.8,17695.860001887922,9774.998835575598,41.45485784961353,0.9405263661099084,0.62,12.0,4.820112786096772,True
EDGE_ROAD_NODE_031_NODE_088,NODE_031,NODE_088,road,65.41433008855795,1.269232424341834,3268.594852241027,22950.95673374913,291.95733481716064,0.9496580405840629,0.18,0.0,0.0,True
EDGE_AIR_NODE_031_NODE_088,NODE_031,NODE_088,air,69.94318820194759,2.8,19417.902282017658,10247.295052757638,45.872001877602116,0.9314232993371429,0.62,6.0,2.9637084656572488,True
EDGE_ROAD_NODE_031_NODE_066,NODE_031,NODE_066,road,73.4095178770725,1.1032525908493158,3322.048737538114,15819.2606220417,125.34038932963367,0.9082703871982143,0.18,0.0,0.0,True
EDGE_AIR_NODE_031_NODE_066,NODE_031,NODE_066,air,76.50419670949019,2.8,20663.28812433284,13868.399408379104,113.70030126192457,0.9347725038067777,0.62,6.0,4.57199369336333,True
EDGE_ROAD_NODE_031_NODE_091,NODE_031,NODE_091,road,105.00397930204336,1.5200830711623523,6297.273415221811,20589.23078621765,330.24045596576457,0.9599469071211206,0.18,0.0,0.0,True
EDGE_ROAD_NODE_032_NODE_090,NODE_032,NODE_090,road,98.5437996189831,1.6385599556959796,3765.334953152698,12221.277776161874,218.84417098638966,0.9143745986888079,0.18,0.0,0.0,True
EDGE_ROAD_NODE_032_NODE_057,NODE_032,NODE_057,road,138.26603679684848,2.2122678543816954,6676.801545169646,23712.5825744577,119.33741788081085,0.88476954327161,0.18,0.0,0.0,True
EDGE_ROAD_NODE_032_NODE_065,NODE_032,NODE_065,road,143.83980161575116,2.09518936560579,8457.161272418547,24220.768229419176,330.2727319095294,0.8945782736892895,0.18,0.0,0.0,True
EDGE_AIR_NODE_032_NODE_065,NODE_032,NODE_065,air,149.03027614567773,2.8,36114.37103866832,15449.248187863346,61.01767978604559,0.9412701960069595,0.62,8.0,2.67919989509083,True
EDGE_ROAD_NODE_032_NODE_076,NODE_032,NODE_076,road,166.02924131719888,3.0579620513540675,5963.830640347071,25290.109322129603,198.77749429706,0.9517532981202319,0.18,0.0,0.0,True
EDGE_ROAD_NODE_032_NODE_089,NODE_032,NODE_089,road,174.74441279955235,3.2227427427400848,6747.686343512547,23367.834821147626,161.47216186727508,0.9604613702072173,0.18,0.0,0.0,True
EDGE_AIR_NODE_032_NODE_089,NODE_032,NODE_089,air,185.3448486884661,2.8,44850.1985285454,9117.307495740804,54.85866271109094,0.9860970774753122,0.62,6.0,3.058390421384633,True
EDGE_ROAD_NODE_033_NODE_040,NODE_033,NODE_040,road,103.60082670410155,1.742389389365405,4810.641807067027,15542.48649901557,299.46359333801445,0.9449034277552071,0.18,0.0,0.0,True
EDGE_ROAD_NODE_033_NODE_074,NODE_033,NODE_074,road,114.80006619518284,1.6790320262631724,4680.666516010804,12060.2808593475,244.21518775505007,0.9693485549697616,0.18,0.0,0.0,True
EDGE_AIR_NODE_033_NODE_074,NODE_033,NODE_074,air,118.5287590768986,2.8,29837.72409189895,14289.466628003836,38.01378045675479,0.9234758119134784,0.62,6.0,3.4861728336254463,True
EDGE_ROAD_NODE_033_NODE_097,NODE_033,NODE_097,road,137.7349081823934,2.5433742226300238,5473.755457912829,17740.68301680992,219.4426101975906,0.9547995859597616,0.18,0.0,0.0,True
EDGE_ROAD_NODE_033_NODE_085,NODE_033,NODE_085,road,138.87873421681036,2.130406490236592,8140.503834160397,17765.80816421363,198.90568887726465,0.9615681664498393,0.18,0.0,0.0,True
EDGE_AIR_NODE_033_NODE_085,NODE_033,NODE_085,air,147.73765795826688,2.8,36826.555775132714,7880.091977008988,72.14082651242256,0.9020618718453709,0.62,8.0,2.7415010912099427,True
EDGE_ROAD_NODE_033_NODE_059,NODE_033,NODE_059,road,183.04105376303127,3.0403360185681603,7548.7741680794525,23144.846266762193,335.05332067543026,0.9482992665817203,0.18,0.0,0.0,True
EDGE_ROAD_NODE_034_NODE_070,NODE_034,NODE_070,road,68.71599007290973,1.2263933041242516,3039.005541004165,13890.533344787305,344.82555938800203,0.9042252577972776,0.18,0.0,0.0,True
EDGE_AIR_NODE_034_NODE_070,NODE_034,NODE_070,air,73.58110024447261,2.8,20814.726646574156,7316.051299986999,44.57474132246681,0.9503175374391787,0.62,6.0,2.8437375539548517,True
EDGE_ROAD_NODE_034_NODE_076,NODE_034,NODE_076,road,86.21896967228703,1.2284931476163117,4939.937306752733,23877.330556855133,151.46850963578783,0.8655589587515063,0.18,0.0,0.0,True
EDGE_ROAD_NODE_034_NODE_036,NODE_034,NODE_036,road,111.55188942085829,1.9664480698143931,5646.651462589712,22639.536371810223,124.63917979800244,0.9458922189970953,0.18,0.0,0.0,True
EDGE_ROAD_NODE_034_NODE_090,NODE_034,NODE_090,road,113.32837467355974,1.716465934365819,5246.581356457171,24273.49394252384,232.41356011959093,0.941924802059843,0.18,0.0,0.0,True
EDGE_ROAD_NODE_035_NODE_053,NODE_035,NODE_053,road,58.098186558982526,0.873844022760593,2680.5142808608434,13649.814612681635,154.35140292775623,0.9153162430678389,0.18,0.0,0.0,True
EDGE_ROAD_NODE_035_NODE_047,NODE_035,NODE_047,road,73.16993445305363,1.1647892294748519,3455.2677158335614,23016.479340300386,336.5515125937461,0.8871397558827419,0.18,0.0,0.0,True
EDGE_ROAD_NODE_035_NODE_063,NODE_035,NODE_063,road,137.90819088858464,2.1244301316965966,6564.385254673512,14639.423274238243,304.71270981733153,0.9656688914191716,0.18,0.0,0.0,True
EDGE_ROAD_NODE_035_NODE_098,NODE_035,NODE_098,road,180.53328028065192,2.5719585461265653,10461.34163181954,16928.709439349335,262.32035929011096,0.9121326011401886,0.18,0.0,0.0,True
EDGE_ROAD_NODE_036_NODE_081,NODE_036,NODE_081,road,82.2025293261987,1.5788815517214836,3864.0392021001094,24257.546623381306,166.69385384215917,0.946657213570276,0.18,0.0,0.0,True
EDGE_AIR_NODE_036_NODE_081,NODE_036,NODE_081,air,88.67998279258464,2.8,26318.625088803128,9711.883218963538,99.31738021840697,0.9170542198216596,0.62,12.0,4.425451360862141,True
EDGE_ROAD_NODE_036_NODE_082,NODE_036,NODE_082,road,117.17718615081498,1.8170787127384513,6502.701693153211,12342.311772348208,149.4426306111209,0.9383109591647436,0.18,0.0,0.0,True
EDGE_ROAD_NODE_036_NODE_048,NODE_036,NODE_048,road,154.51302273642463,2.537021688503773,5569.152502671922,16875.862368460388,323.57706261587504,0.8633982120739635,0.18,0.0,0.0,True
EDGE_ROAD_NODE_037_NODE_039,NODE_037,NODE_039,road,61.822657092923606,0.8732844773535824,2473.818999879456,22495.880514624914,159.55540636914986,0.9553269715369039,0.18,0.0,0.0,True
EDGE_ROAD_NODE_037_NODE_087,NODE_037,NODE_087,road,104.18850833652844,1.4994277612750262,4293.957430638777,19438.098567460467,300.4028847651962,0.8870269717294479,0.18,0.0,0.0,True
EDGE_AIR_NODE_037_NODE_087,NODE_037,NODE_087,air,106.44220245981009,2.8,31575.693462878095,13390.151920491611,87.20043186091664,0.961839419496449,0.62,12.0,3.9045352843616414,True
EDGE_ROAD_NODE_037_NODE_079,NODE_037,NODE_079,road,114.66587034182955,1.9146172468196874,5851.784322704136,14821.489655493366,329.7758476540148,0.9492927608341192,0.18,0.0,0.0,True
EDGE_ROAD_NODE_038_NODE_092,NODE_038,NODE_092,road,74.30649663755142,1.1845560657627823,3049.3097625505748,25612.847471070374,333.7810256601765,0.961408725714912,0.18,0.0,0.0,True
EDGE_AIR_NODE_038_NODE_092,NODE_038,NODE_092,air,76.5466950242287,2.8,20661.793333460108,7810.012519405809,40.80995670912459,0.887843498760333,0.62,8.0,5.959292276819494,True
EDGE_ROAD_NODE_038_NODE_098,NODE_038,NODE_098,road,118.23006839693443,2.2899814506147886,4579.453211814485,23581.564338270313,246.66485852059463,0.9451858925026265,0.18,0.0,0.0,True
EDGE_ROAD_NODE_038_NODE_075,NODE_038,NODE_075,road,146.9771634454565,2.117586990074579,7375.432738644085,19309.75130064411,282.4424173155509,0.909213202697132,0.18,0.0,0.0,True
EDGE_AIR_NODE_038_NODE_075,NODE_038,NODE_075,air,154.04076057073226,2.8,31572.330703489555,14169.145568224223,53.46334032023502,0.8968884700970752,0.62,12.0,5.368280607088959,True
EDGE_ROAD_NODE_039_NODE_087,NODE_039,NODE_087,road,119.32400802437901,2.0837369924649654,6203.061539997238,23989.73482918035,110.99106006976137,0.9441526845695847,0.18,0.0,0.0,True
EDGE_AIR_NODE_039_NODE_087,NODE_039,NODE_087,air,123.26138310819599,2.8,32281.559718653447,15188.169604599105,56.55172878411558,0.9425717185922751,0.62,4.0,3.159336455397966,True
EDGE_ROAD_NODE_039_NODE_089,NODE_039,NODE_089,road,128.9124206074276,2.0727374708019095,6469.175211169717,20544.69544306252,258.3575198035414,0.8748587771439277,0.18,0.0,0.0,True
EDGE_ROAD_NODE_039_NODE_051,NODE_039,NODE_051,road,130.42014085264594,2.0112750516006077,6730.0022443375265,13036.987738341888,210.6464874518212,0.9049938645250303,0.18,0.0,0.0,True
EDGE_AIR_NODE_039_NODE_051,NODE_039,NODE_051,air,134.76861905834366,2.8,31859.652403358705,13686.15678872274,51.33558692861969,0.9712724901137403,0.62,6.0,5.04168674073847,True
EDGE_ROAD_NODE_040_NODE_085,NODE_040,NODE_085,road,97.36157704211217,1.6120472156784744,4702.026554245749,20676.071451314965,340.55206420477253,0.9140993839554201,0.18,0.0,0.0,True
EDGE_ROAD_NODE_040_NODE_059,NODE_040,NODE_059,road,101.93537014153178,1.6117810039270446,5486.224928659249,13005.90469680728,229.23560840093245,0.9129750748126648,0.18,0.0,0.0,True
EDGE_ROAD_NODE_040_NODE_074,NODE_040,NODE_074,road,138.12405757068774,2.269644067161134,6392.441822157729,25470.79983948583,211.65564517223802,0.8798972873354299,0.18,0.0,0.0,True
EDGE_AIR_NODE_040_NODE_074,NODE_040,NODE_074,air,141.67540006361762,2.8,28343.645845373885,10887.510949004338,99.23183231683993,0.960681308707982,0.62,8.0,2.128596351211401,True
EDGE_ROAD_NODE_040_NODE_097,NODE_040,NODE_097,road,154.47417172204575,2.4700207986659546,5935.159687319909,25175.067986705762,135.1885499039284,0.928930313946723,0.18,0.0,0.0,True
EDGE_ROAD_NODE_041_NODE_064,NODE_041,NODE_064,road,43.9863008814369,0.6860601635988317,2262.7711641666456,22635.002732289526,152.2833638385216,0.9596371038205685,0.18,0.0,0.0,True
EDGE_ROAD_NODE_041_NODE_052,NODE_041,NODE_052,road,47.097896865150396,0.7068142698137864,2887.6248177124808,25983.60055336727,150.46532971036874,0.89155816549198,0.18,0.0,0.0,True
EDGE_ROAD_NODE_041_NODE_046,NODE_041,NODE_046,road,62.7255082356321,1.1244522140691924,3304.035681913719,25909.315324041803,357.3750835150437,0.9179450554498538,0.18,0.0,0.0,True
EDGE_ROAD_NODE_041_NODE_062,NODE_041,NODE_062,road,72.8389044833665,1.0568715812087788,4381.7373691388875,14854.048782613614,232.70626681446228,0.9516120760127663,0.18,0.0,0.0,True
EDGE_ROAD_NODE_041_NODE_078,NODE_041,NODE_078,road,81.69233537277013,1.3689357634296482,4966.579281733398,25790.653754092193,334.64883890659905,0.9478293179310863,0.18,0.0,0.0,True
EDGE_ROAD_NODE_041_NODE_077,NODE_041,NODE_077,road,115.7055536435376,2.027833622904607,5642.345655982443,19850.88324386817,226.48576122640807,0.9300337307907937,0.18,0.0,0.0,True
EDGE_ROAD_NODE_042_NODE_095,NODE_042,NODE_095,road,52.13140433551788,0.7841451294275074,2505.5271647363816,16629.477957248935,124.35100971079356,0.8807583431031811,0.18,0.0,0.0,True
EDGE_ROAD_NODE_042_NODE_071,NODE_042,NODE_071,road,70.96847083927442,1.1864024202738683,3079.1053476212164,22630.775400313425,239.57490397055204,0.8623271612565623,0.18,0.0,0.0,True
EDGE_ROAD_NODE_043_NODE_058,NODE_043,NODE_058,road,64.81397082198185,1.2026187235514352,3514.2804536955373,15850.43456882354,107.53563038668477,0.8660428488117436,0.18,0.0,0.0,True
EDGE_AIR_NODE_043_NODE_058,NODE_043,NODE_058,air,66.19472924387094,2.8,22475.04289545592,8398.57407331548,84.59097016758868,0.928915683081182,0.62,8.0,2.2871885694401834,True
EDGE_ROAD_NODE_043_NODE_069,NODE_043,NODE_069,road,109.89632638526034,1.6242304738845967,6292.118940574999,12154.2333433792,138.22312743822178,0.9594294607675027,0.18,0.0,0.0,True
EDGE_AIR_NODE_043_NODE_069,NODE_043,NODE_069,air,113.08358082067788,2.8,26168.359755356512,12939.876198134029,95.23351400221857,0.9459369489437929,0.62,6.0,5.812593519650103,True
EDGE_ROAD_NODE_043_NODE_071,NODE_043,NODE_071,road,116.09561951287068,1.9072903771854726,4971.705912311883,18681.26073966115,187.10989928998495,0.8846857481942155,0.18,0.0,0.0,True
EDGE_AIR_NODE_043_NODE_071,NODE_043,NODE_071,air,120.87095156156508,2.8,31860.707447770677,7165.940225876744,69.52606618853412,0.9508410341594855,0.62,4.0,5.106593743554864,True
EDGE_ROAD_NODE_044_NODE_093,NODE_044,NODE_093,road,114.13209609529014,1.6825841618675528,6021.7105265232585,13439.167746026493,218.25605988117738,0.9263746553236369,0.18,0.0,0.0,True
EDGE_AIR_NODE_044_NODE_093,NODE_044,NODE_093,air,116.70612970563742,2.8,27020.00001239676,11094.049615593749,67.25372871491408,0.8994333679459878,0.62,8.0,5.297662170733972,True
EDGE_ROAD_NODE_044_NODE_079,NODE_044,NODE_079,road,132.86849183105724,1.8882724412610794,5313.860078239899,25014.020817941106,94.82245897729882,0.961745871997764,0.18,0.0,0.0,True
EDGE_ROAD_NODE_044_NODE_055,NODE_044,NODE_055,road,149.61263103894242,2.9764689425534523,7947.379981828229,25582.822015977807,334.5935990808001,0.9667781177315834,0.18,0.0,0.0,True
EDGE_ROAD_NODE_045_NODE_073,NODE_045,NODE_073,road,36.560143169790145,0.7068937066891982,2335.566535094722,20593.59558132616,255.97892093083806,0.9058978970844555,0.18,0.0,0.0,True
EDGE_AIR_NODE_045_NODE_073,NODE_045,NODE_073,air,37.62823995586833,2.8,16282.107890488853,7675.155766163881,95.68026903394129,0.9733876264887339,0.62,8.0,4.039321464228197,True
EDGE_ROAD_NODE_045_NODE_084,NODE_045,NODE_084,road,63.085095376788544,1.1093110945331794,3906.524345293434,22263.742643833633,189.62690939109314,0.8792288124856306,0.18,0.0,0.0,True
EDGE_AIR_NODE_045_NODE_084,NODE_045,NODE_084,air,66.10279218432454,2.8,22588.87474738856,13607.317111848262,49.37193733612348,0.9745517246760788,0.62,6.0,3.5128020920387244,True
EDGE_ROAD_NODE_045_NODE_062,NODE_045,NODE_062,road,75.85032301099827,1.1034718289324799,3287.2021582358775,20661.248567108447,340.2010317819461,0.8883683410062574,0.18,0.0,0.0,True
EDGE_ROAD_NODE_045_NODE_086,NODE_045,NODE_086,road,89.56927581408524,1.2488591713120414,3609.9523347034656,13237.632069809442,272.0327019601004,0.8973709542523933,0.18,0.0,0.0,True
EDGE_AIR_NODE_045_NODE_086,NODE_045,NODE_086,air,93.915028129419,2.8,26940.87412641993,9566.101603736699,60.15421897546213,0.9730269340711669,0.62,8.0,5.370927875225888,True
EDGE_ROAD_NODE_045_NODE_069,NODE_045,NODE_069,road,101.62902657765433,1.698897696397523,5996.527363013807,21111.124256048315,121.29269363619734,0.9573602287049481,0.18,0.0,0.0,True
EDGE_AIR_NODE_045_NODE_069,NODE_045,NODE_069,air,104.52528493564041,2.8,24469.483694496834,13187.805415988845,34.26352560565408,0.9115253141405195,0.62,8.0,2.5591503618794724,True
EDGE_ROAD_NODE_045_NODE_064,NODE_045,NODE_064,road,131.74599193965764,2.20666364602497,5946.018510997105,19306.270085643984,165.50180885768316,0.8635247948315995,0.18,0.0,0.0,True
EDGE_ROAD_NODE_046_NODE_052,NODE_046,NODE_052,road,48.08117459046061,0.825827745645178,2710.2044298858823,13521.337591259758,93.71988592939358,0.8873123672673822,0.18,0.0,0.0,True
EDGE_ROAD_NODE_046_NODE_064,NODE_046,NODE_064,road,51.1156624625773,0.87124638479968,3049.7608445926107,17289.727018699537,233.2191184928313,0.9252867151686411,0.18,0.0,0.0,True
EDGE_AIR_NODE_046_NODE_064,NODE_046,NODE_064,air,53.71785874067349,2.8,17566.295005718937,10791.521149149292,39.02586586457252,0.966110262221351,0.62,12.0,2.0890752825184,True
EDGE_ROAD_NODE_046_NODE_050,NODE_046,NODE_050,road,56.837270151142356,0.8988943487185257,3280.7481233761337,15987.306241098451,302.64000791306853,0.9295590555842931,0.18,0.0,0.0,True
EDGE_ROAD_NODE_046_NODE_077,NODE_046,NODE_077,road,57.16256810095772,0.7985594643012448,2307.296882236932,18229.128654378088,237.6867026461189,0.8761417556528418,0.18,0.0,0.0,True
EDGE_ROAD_NODE_046_NODE_062,NODE_046,NODE_062,road,107.10726488001569,1.493236961203767,3889.1540710388213,18335.111041341377,317.516747863913,0.8956291388991218,0.18,0.0,0.0,True
EDGE_ROAD_NODE_047_NODE_053,NODE_047,NODE_053,road,93.85102024426551,1.3122895512393697,4492.856862063234,13832.898370050987,103.96480274992558,0.9639958229683943,0.18,0.0,0.0,True
EDGE_ROAD_NODE_047_NODE_063,NODE_047,NODE_063,road,161.4312674476404,2.642541123980032,5937.210983755926,17931.17168770847,341.1284901975335,0.9152654292994032,0.18,0.0,0.0,True
EDGE_ROAD_NODE_047_NODE_059,NODE_047,NODE_059,road,162.0918814261379,2.910381078461919,7569.724697673522,24033.43108533055,211.02813572951084,0.8907436110927208,0.18,0.0,0.0,True
EDGE_ROAD_NODE_048_NODE_057,NODE_048,NODE_057,road,74.53952792534548,1.2724926976186361,3754.7016194018292,25671.37892981204,140.35048958408325,0.8931540700392204,0.18,0.0,0.0,True
EDGE_AIR_NODE_048_NODE_057,NODE_048,NODE_057,air,77.78276235905501,2.8,20629.260182690094,13120.314418671023,46.31893128892671,0.9542294027646456,0.62,12.0,3.0539017127572707,True
EDGE_ROAD_NODE_048_NODE_065,NODE_048,NODE_065,road,77.68909346235135,1.3437580643919043,3556.5150180473092,22034.52450229053,215.95750104735262,0.8997428788737951,0.18,0.0,0.0,True
EDGE_ROAD_NODE_048_NODE_081,NODE_048,NODE_081,road,113.12863808772032,1.8076601309126588,4620.685769023657,24601.277894011557,182.51557992908295,0.8642877315291052,0.18,0.0,0.0,True
EDGE_AIR_NODE_048_NODE_081,NODE_048,NODE_081,air,116.23246744784304,2.8,26996.20005285556,13723.997854186699,41.76766320386867,0.9687638646789439,0.62,12.0,4.426128401631779,True
EDGE_ROAD_NODE_049_NODE_096,NODE_049,NODE_096,road,18.80534617684835,0.4,1343.8329150944903,25899.311401786228,182.21533079443816,0.8779142206366972,0.18,0.0,0.0,True
EDGE_AIR_NODE_049_NODE_096,NODE_049,NODE_096,air,19.783129936742746,2.8,11900.404939286247,12517.984770947256,31.271226012914155,0.9820435242699643,0.62,12.0,3.0582971112850466,True
EDGE_ROAD_NODE_049_NODE_086,NODE_049,NODE_086,road,57.924195022064175,1.1386637591775377,2424.060522922513,15363.485275914984,163.95466552363223,0.8636090999447501,0.18,0.0,0.0,True
EDGE_AIR_NODE_049_NODE_086,NODE_049,NODE_086,air,59.75323860885811,2.8,18863.892298301136,10466.509636203722,60.51069665425912,0.9160716271883774,0.62,6.0,2.1008197885046487,True
EDGE_ROAD_NODE_049_NODE_083,NODE_049,NODE_083,road,100.48499114894996,1.8455725197623027,5460.285581169998,25871.33671771571,340.70206726547883,0.9154641291091545,0.18,0.0,0.0,True
EDGE_AIR_NODE_049_NODE_083,NODE_049,NODE_083,air,104.39133454274032,2.8,29289.44257215925,13882.810191393837,105.98451218242,0.9785055034916572,0.62,4.0,3.737396992901183,True
EDGE_ROAD_NODE_049_NODE_064,NODE_049,NODE_064,road,108.79161182788302,1.6268813801826127,6006.837598052085,16318.434714968502,340.8954058816605,0.870377565290362,0.18,0.0,0.0,True
EDGE_ROAD_NODE_049_NODE_062,NODE_049,NODE_062,road,112.06730483820321,1.6740956629657047,4257.0166103309,21187.215073470008,99.22844095063024,0.9447205644388601,0.18,0.0,0.0,True
EDGE_ROAD_NODE_049_NODE_091,NODE_049,NODE_091,road,112.1023345241259,1.7722841479509872,6312.619911854548,13370.365923008036,164.49943735101957,0.9055595273751937,0.18,0.0,0.0,True
EDGE_AIR_NODE_049_NODE_091,NODE_049,NODE_091,air,117.35914540188828,2.8,27072.81063957206,10534.615108915777,68.25923687930758,0.9767352906836454,0.62,4.0,5.574972514865088,True
EDGE_ROAD_NODE_050_NODE_077,NODE_050,NODE_077,road,4.182481753097204,0.4,586.7446115469581,19035.168690692044,202.7906873179667,0.888310954436066,0.18,0.0,0.0,True
EDGE_ROAD_NODE_050_NODE_052,NODE_050,NODE_052,road,83.79203929346487,1.5709150311969713,3809.079520134729,19921.063071237266,201.6202259852618,0.9506303597155876,0.18,0.0,0.0,True
EDGE_ROAD_NODE_050_NODE_064,NODE_050,NODE_064,road,106.65599256290591,1.495143062154182,5841.679106489874,25546.302363964613,316.2968698041821,0.8756314318436806,0.18,0.0,0.0,True
EDGE_ROAD_NODE_051_NODE_071,NODE_051,NODE_071,road,83.52373069919676,1.554232696808938,4732.953007611634,20178.270088566143,161.13131487636457,0.9622558869207888,0.18,0.0,0.0,True
EDGE_AIR_NODE_051_NODE_071,NODE_051,NODE_071,air,88.01995880551709,2.8,25511.24206678219,7529.636835991886,83.80704298855832,0.9697491337009403,0.62,6.0,2.2701092576722135,True
EDGE_ROAD_NODE_052_NODE_064,NODE_052,NODE_064,road,71.4511037998299,1.1661803039503198,3149.816020172878,21280.942321516894,122.04288911128813,0.9630756573737558,0.18,0.0,0.0,True
EDGE_ROAD_NODE_052_NODE_077,NODE_052,NODE_077,road,81.70557307702421,1.5105084510628275,3668.4813225840207,20226.889645142604,283.87683089124766,0.9086921616676283,0.18,0.0,0.0,True
EDGE_AIR_NODE_052_NODE_077,NODE_052,NODE_077,air,83.85026998784421,2.8,26973.692214393843,11098.169092991386,108.52785742336484,0.9330613605092026,0.62,12.0,2.3510375310862024,True
EDGE_ROAD_NODE_052_NODE_078,NODE_052,NODE_078,road,91.52392626296283,1.7430332585131043,5390.771747637579,25264.902630626988,174.9737108156481,0.8990681375693259,0.18,0.0,0.0,True
EDGE_ROAD_NODE_053_NODE_098,NODE_053,NODE_098,road,177.35104319364942,2.9980453621480216,6904.146597502307,24577.255375151246,158.3930521905238,0.9375799650425416,0.18,0.0,0.0,True
EDGE_AIR_NODE_053_NODE_098,NODE_053,NODE_098,air,181.31041940182502,2.8,43104.328549430466,10051.142718159343,88.99134534480012,0.8903423322385713,0.62,12.0,5.799405519663454,True
EDGE_ROAD_NODE_053_NODE_063,NODE_053,NODE_063,road,195.82948509305606,2.946252236214981,10804.918588114417,13910.587756623154,176.44346160107472,0.9005178580626978,0.18,0.0,0.0,True
EDGE_ROAD_NODE_054_NODE_088,NODE_054,NODE_088,road,232.9208053402395,4.120223696555576,8212.397642066848,17164.29733032459,158.72831494936617,0.9024513420609536,0.18,0.0,0.0,True
EDGE_AIR_NODE_054_NODE_088,NODE_054,NODE_088,air,241.23928831580275,2.8,53291.33227110809,10493.384511202585,61.08450538525429,0.938729619599461,0.62,12.0,3.515471825391829,True
EDGE_ROAD_NODE_054_NODE_072,NODE_054,NODE_072,road,238.94052299851734,3.7972013447916377,13606.855791024856,19307.721597652708,335.645345659737,0.947303988668207,0.18,0.0,0.0,True
EDGE_AIR_NODE_054_NODE_072,NODE_054,NODE_072,air,249.87107998450398,2.8,55800.19846744142,15880.407212033799,71.25386620453614,0.8902063999539414,0.62,12.0,4.248036698851472,True
EDGE_ROAD_NODE_055_NODE_093,NODE_055,NODE_093,road,50.35607816130444,0.9539954019032615,2939.6403663740207,19107.477964464888,285.32646946186736,0.9556298009566375,0.18,0.0,0.0,True
EDGE_ROAD_NODE_055_NODE_072,NODE_055,NODE_072,road,133.17325031782315,2.0980866601415276,7093.269902257759,23794.370020337345,324.6445222947907,0.8640073215251172,0.18,0.0,0.0,True
EDGE_ROAD_NODE_055_NODE_082,NODE_055,NODE_082,road,172.120063247147,3.143290470318937,9481.828963167509,21077.567592847055,203.4600693387583,0.8806914650933486,0.18,0.0,0.0,True
EDGE_ROAD_NODE_056_NODE_091,NODE_056,NODE_091,road,51.50325006806649,0.7865119820125467,2320.7083404380805,13310.161234737217,329.76776472143877,0.9440631384538128,0.18,0.0,0.0,True
EDGE_AIR_NODE_056_NODE_091,NODE_056,NODE_091,air,53.43661474057126,2.8,20215.636882847844,13373.660380832056,84.94698037924422,0.9138391333966543,0.62,8.0,2.158094474760922,True
EDGE_ROAD_NODE_056_NODE_088,NODE_056,NODE_088,road,62.268851518872076,0.9430873391637763,2477.126568884571,12068.002728881907,286.96367372246436,0.9643761132864037,0.18,0.0,0.0,True
EDGE_ROAD_NODE_056_NODE_066,NODE_056,NODE_066,road,87.94250280900752,1.456578444650623,4260.016947283724,18105.909917087476,177.65379011979007,0.9173885635604424,0.18,0.0,0.0,True
EDGE_ROAD_NODE_056_NODE_083,NODE_056,NODE_083,road,104.74881655212809,1.6584756983158406,6029.8105029686985,25930.131842533345,111.26068826838763,0.9023151819927475,0.18,0.0,0.0,True
EDGE_AIR_NODE_056_NODE_083,NODE_056,NODE_083,air,109.05684505881909,2.8,26073.830995987155,8570.834184641095,98.76684480791614,0.9345917617112159,0.62,6.0,5.6769823288689025,True
EDGE_ROAD_NODE_057_NODE_065,NODE_057,NODE_065,road,7.407060532654182,0.4,668.9325817879471,17645.830161024816,111.67487650909003,0.8889002556056317,0.18,0.0,0.0,True
EDGE_ROAD_NODE_057_NODE_060,NODE_057,NODE_060,road,136.49889334323387,2.500112001009344,5436.993045889357,20030.969363139928,224.4595385141523,0.9238482126923129,0.18,0.0,0.0,True
EDGE_ROAD_NODE_059_NODE_085,NODE_059,NODE_085,road,65.86524157739535,0.9659250302513406,2746.751126445127,17997.49704178052,276.2356990799035,0.9555060084311189,0.18,0.0,0.0,True
EDGE_ROAD_NODE_059_NODE_074,NODE_059,NODE_074,road,143.1531736434619,2.29080252900552,5238.444017870555,14384.467233565605,108.66730386585091,0.9400668981198373,0.18,0.0,0.0,True
EDGE_ROAD_NODE_059_NODE_097,NODE_059,NODE_097,road,144.88900406316088,2.1978722256802294,5287.3372625512575,24075.669205716556,315.59315348999473,0.869782161735531,0.18,0.0,0.0,True
EDGE_AIR_NODE_059_NODE_097,NODE_059,NODE_097,air,148.27612194759558,2.8,39178.99061888203,9112.331401467061,79.34459860723697,0.9268868623498062,0.62,6.0,3.9555932058826824,True
EDGE_ROAD_NODE_059_NODE_063,NODE_059,NODE_063,road,147.24717231610313,2.4133128914719344,8627.293304163559,14101.813794489599,314.2900634614015,0.8656924720164273,0.18,0.0,0.0,True
EDGE_ROAD_NODE_060_NODE_065,NODE_060,NODE_065,road,130.28145350271419,1.874570384793601,6668.96752798788,21593.004671125862,161.09566620925108,0.9060432270497599,0.18,0.0,0.0,True
EDGE_AIR_NODE_060_NODE_065,NODE_060,NODE_065,air,136.96314533307876,2.8,32056.981617473433,9942.085166892904,57.49325511340531,0.9075938180820634,0.62,12.0,3.4601889875390337,True
EDGE_ROAD_NODE_060_NODE_097,NODE_060,NODE_097,road,132.40993711593498,2.4842989796383934,7428.524606593829,20429.671485667983,126.12233491034098,0.9363245267629902,0.18,0.0,0.0,True
EDGE_ROAD_NODE_060_NODE_074,NODE_060,NODE_074,road,154.39465908248104,2.7956987788066345,5918.675348727095,12120.641599872528,102.75759149125098,0.9438476483133863,0.18,0.0,0.0,True
EDGE_ROAD_NODE_061_NODE_068,NODE_061,NODE_068,road,14.314762568992652,0.4,1135.0753981434596,13006.07032177344,249.87586272399002,0.9431682810671062,0.18,0.0,0.0,True
EDGE_AIR_NODE_061_NODE_068,NODE_061,NODE_068,air,14.610449496559943,2.8,11685.666300400415,15921.20165326025,53.185568055464614,0.9008440404905937,0.62,8.0,4.221022479600224,True
EDGE_ROAD_NODE_061_NODE_092,NODE_061,NODE_092,road,85.99773269167837,1.3624095532390936,4807.131342319128,22543.025830687136,330.9862035946735,0.9486349968176531,0.18,0.0,0.0,True
EDGE_AIR_NODE_061_NODE_092,NODE_061,NODE_092,air,90.58593913394292,2.8,23085.82290943002,9968.068415963522,113.87499323069967,0.9550085495573781,0.62,4.0,5.898361653004423,True
EDGE_ROAD_NODE_061_NODE_099,NODE_061,NODE_099,road,97.29313530251795,1.6442406992534901,4788.316006664223,18819.615878829904,118.96750553140626,0.8860372193979263,0.18,0.0,0.0,True
EDGE_AIR_NODE_061_NODE_099,NODE_061,NODE_099,air,99.63230145168143,2.8,29871.027063744048,8114.5931374903375,47.81826717752164,0.9641853346332501,0.62,12.0,5.6011123984616376,True
EDGE_ROAD_NODE_062_NODE_064,NODE_062,NODE_064,road,56.103639198217046,0.8505007327327968,2307.7135697519334,21685.85885799914,260.53970638625583,0.943308437601391,0.18,0.0,0.0,True
EDGE_ROAD_NODE_062_NODE_086,NODE_062,NODE_086,road,65.23829154669056,0.9914074628530167,3425.412690661617,16514.486460144886,278.26388869408083,0.9652668743093857,0.18,0.0,0.0,True
EDGE_ROAD_NODE_062_NODE_073,NODE_062,NODE_073,road,103.52380384633476,1.6021490863686214,4818.8375077969,22585.69133640304,359.3701959314317,0.877642825647451,0.18,0.0,0.0,True
EDGE_AIR_NODE_062_NODE_073,NODE_062,NODE_073,air,108.94495884617817,2.8,27480.037514692256,12144.12806056047,34.416664295184574,0.9244704101963493,0.62,4.0,4.331913048262243,True
EDGE_ROAD_NODE_062_NODE_084,NODE_062,NODE_084,road,104.12021923148092,1.6560083964592287,5394.449164390292,22083.024406037293,263.2177449020313,0.9469267470928379,0.18,0.0,0.0,True
EDGE_ROAD_NODE_063_NODE_085,NODE_063,NODE_085,road,192.73464649478316,3.117414006860742,9391.549994107274,13416.707134546654,163.7522659958904,0.9180139758723944,0.18,0.0,0.0,True
EDGE_ROAD_NODE_064_NODE_086,NODE_064,NODE_086,road,89.72522461820468,1.3816818728888554,3485.8924313391403,20291.84930622166,149.8692566620167,0.9407418215767595,0.18,0.0,0.0,True
EDGE_ROAD_NODE_064_NODE_096,NODE_064,NODE_096,road,93.56544975078432,1.4838459998908655,4742.040997158289,16740.280204951396,210.48750571355356,0.955051918919688,0.18,0.0,0.0,True
EDGE_ROAD_NODE_066_NODE_091,NODE_066,NODE_091,road,119.9504413639123,1.9524906064578318,5318.485417764683,12705.316336039761,128.61199835812397,0.8812327708493307,0.18,0.0,0.0,True
EDGE_AIR_NODE_066_NODE_091,NODE_066,NODE_091,air,129.14447702185453,2.8,30640.53160453057,9113.561469333079,39.51751237153627,0.9172136077063261,0.62,4.0,3.5333711736420317,True
EDGE_ROAD_NODE_066_NODE_088,NODE_066,NODE_088,road,133.52392466655368,1.9930393326467777,7265.093239613713,13551.490775781858,254.33813320923161,0.9655005669708222,0.18,0.0,0.0,True
EDGE_ROAD_NODE_067_NODE_094,NODE_067,NODE_094,road,59.00466322638052,1.1542209414056372,3615.649166316431,24371.32794201476,230.97819074643047,0.9207478432378411,0.18,0.0,0.0,True
EDGE_AIR_NODE_067_NODE_094,NODE_067,NODE_094,air,63.085841442599,2.8,19614.2310396923,7304.900156283009,91.4713460804098,0.9845545896782977,0.62,12.0,5.316601961383001,True
EDGE_ROAD_NODE_067_NODE_099,NODE_067,NODE_099,road,78.49505941298884,1.39923984754293,3032.300038256729,25164.91977553453,343.00693571751935,0.9185656851684156,0.18,0.0,0.0,True
EDGE_ROAD_NODE_068_NODE_092,NODE_068,NODE_092,road,81.47482779565013,1.353915203554001,3848.0019534355856,13672.278103001805,116.12328255749593,0.8856005361343806,0.18,0.0,0.0,True
EDGE_ROAD_NODE_068_NODE_099,NODE_068,NODE_099,road,85.46058194599775,1.6061510120564184,3619.7097915280324,19680.596830510905,148.08542888113408,0.8779527353189566,0.18,0.0,0.0,True
EDGE_AIR_NODE_068_NODE_099,NODE_068,NODE_099,air,89.0572414939043,2.8,25245.436429145033,15209.848063678086,43.58938182915609,0.980477702579437,0.62,4.0,5.316350333343611,True
EDGE_ROAD_NODE_069_NODE_073,NODE_069,NODE_073,road,68.48138511478683,1.071892594418469,3630.6483735342817,20948.977239111024,276.4337988288096,0.8618130420655773,0.18,0.0,0.0,True
EDGE_ROAD_NODE_069_NODE_095,NODE_069,NODE_095,road,94.07237266011518,1.4959838059147772,5194.660221093629,17281.945746859084,93.34724775726491,0.9160708125864088,0.18,0.0,0.0,True
EDGE_AIR_NODE_069_NODE_095,NODE_069,NODE_095,air,98.42033726402829,2.8,24726.771317866638,9248.434790287498,77.47903870474644,0.9212805953662844,0.62,12.0,5.879727532199235,True
EDGE_ROAD_NODE_070_NODE_076,NODE_070,NODE_076,road,29.892081999794573,0.5555694621912215,1605.8778886339005,16115.446592943994,236.6934775837084,0.9149208282671563,0.18,0.0,0.0,True
EDGE_ROAD_NODE_070_NODE_087,NODE_070,NODE_087,road,68.45501457095358,0.9655144846491202,3079.1559917927357,21698.80196956995,96.76085481139958,0.8888627320006987,0.18,0.0,0.0,True
EDGE_AIR_NODE_070_NODE_087,NODE_070,NODE_087,air,69.95141978419863,2.8,21966.30779371209,13104.795475615374,97.2058543354242,0.9368231955327313,0.62,8.0,3.584261005113949,True
EDGE_ROAD_NODE_070_NODE_079,NODE_070,NODE_079,road,69.17851982763167,1.3589044672813229,2799.661148960351,21169.942938820495,358.79993088815957,0.8617383563079626,0.18,0.0,0.0,True
EDGE_ROAD_NODE_070_NODE_090,NODE_070,NODE_090,road,94.50018525222772,1.4205813370047862,5319.134913891853,19632.86861711696,257.3773146497084,0.9366397439802009,0.18,0.0,0.0,True
EDGE_ROAD_NODE_071_NODE_095,NODE_071,NODE_095,road,40.418345598368866,0.7670917045681241,2611.8211094540534,12364.24364972198,315.77393275859936,0.8684414469215667,0.18,0.0,0.0,True
EDGE_AIR_NODE_071_NODE_095,NODE_071,NODE_095,air,41.236156207590845,2.8,16098.29153611939,10009.233040456531,44.93936203383246,0.9296199176884297,0.62,8.0,3.6094835326887353,True
EDGE_ROAD_NODE_072_NODE_093,NODE_072,NODE_093,road,93.86487446267441,1.403302727889887,5435.681520199347,21135.941524739144,123.59080495616145,0.8924929874180836,0.18,0.0,0.0,True
EDGE_ROAD_NODE_072_NODE_088,NODE_072,NODE_088,road,102.74610720253106,1.9777062105687382,4711.1439190416095,25195.064669268737,346.67950719676116,0.9052323494753781,0.18,0.0,0.0,True
EDGE_ROAD_NODE_073_NODE_084,NODE_073,NODE_084,road,91.83149280393286,1.5292911712148838,5019.201516252951,12442.13862970198,128.9224302087668,0.9275618683897959,0.18,0.0,0.0,True
EDGE_AIR_NODE_073_NODE_084,NODE_073,NODE_084,air,97.33799727565419,2.8,24436.67505140968,14979.810023150392,103.73334470039877,0.9342121580075661,0.62,6.0,3.0845515449403615,True
EDGE_ROAD_NODE_073_NODE_086,NODE_073,NODE_086,road,93.94129850468512,1.5432161215396532,3871.362841351666,24052.406359293913,312.228256473472,0.9592364635249901,0.18,0.0,0.0,True
EDGE_ROAD_NODE_074_NODE_097,NODE_074,NODE_097,road,22.93561504215804,0.4,1279.6284471623426,25045.54007113442,244.22756166503936,0.9064744592309967,0.18,0.0,0.0,True
EDGE_ROAD_NODE_074_NODE_085,NODE_074,NODE_085,road,77.3011778913733,1.3434979150179212,3428.9693882562474,15378.400731685402,112.25555715342423,0.9146221386861906,0.18,0.0,0.0,True
EDGE_ROAD_NODE_075_NODE_089,NODE_075,NODE_089,road,55.91413216241852,0.8755277950093465,2908.3698383967353,18000.300855512833,215.38843910564182,0.8830205082329146,0.18,0.0,0.0,True
EDGE_ROAD_NODE_076_NODE_087,NODE_076,NODE_087,road,62.0053598868651,1.1405502710211433,3470.5983627955493,22639.790160946137,245.21464134748825,0.9549219012450311,0.18,0.0,0.0,True
EDGE_AIR_NODE_076_NODE_087,NODE_076,NODE_087,air,66.5253666697397,2.8,21298.939028376997,14188.748449855848,89.81217385745828,0.9730977318688966,0.62,12.0,5.972395450870543,True
EDGE_ROAD_NODE_076_NODE_090,NODE_076,NODE_090,road,70.16568766107729,1.1843592899924962,4035.9168926493026,22424.11663325247,212.27494474224486,0.9619643899705763,0.18,0.0,0.0,True
EDGE_ROAD_NODE_076_NODE_079,NODE_076,NODE_079,road,76.87015525062436,1.2310994119340584,3075.2962983282746,15160.852716927728,316.9879660441154,0.9036207995111731,0.18,0.0,0.0,True
EDGE_ROAD_NODE_078_NODE_084,NODE_078,NODE_084,road,155.79199303748678,2.811542033077589,7243.478667872191,23281.437458908717,331.69431179890967,0.8677125875248602,0.18,0.0,0.0,True
EDGE_ROAD_NODE_079_NODE_087,NODE_079,NODE_087,road,33.61633154878304,0.5576696033376448,1991.3202659575181,18261.859616715767,197.6341016304221,0.9119068783672438,0.18,0.0,0.0,True
EDGE_AIR_NODE_079_NODE_087,NODE_079,NODE_087,air,35.29913124310379,2.8,14976.02756918388,14360.517789622727,97.10831921140719,0.9175516343599313,0.62,8.0,5.414602676018001,True
EDGE_ROAD_NODE_080_NODE_099,NODE_080,NODE_099,road,56.387762792952735,1.0564090141416342,3012.9562598309944,15994.367910388992,289.5765269202151,0.8862663862294551,0.18,0.0,0.0,True
EDGE_ROAD_NODE_080_NODE_094,NODE_080,NODE_094,road,56.936457946227065,1.0238023779271002,2940.431823663391,25281.050550826687,192.9530353832373,0.9563312334559528,0.18,0.0,0.0,True
EDGE_ROAD_NODE_082_NODE_093,NODE_082,NODE_093,road,185.05418945772695,2.672389291537282,7078.394951183849,23475.215073492283,98.68033667715153,0.9032632072069239,0.18,0.0,0.0,True
EDGE_ROAD_NODE_083_NODE_091,NODE_083,NODE_091,road,70.76507542506069,1.0861443927826488,3589.268410142998,17430.096351156688,309.3201755469772,0.9380514244343043,0.18,0.0,0.0,True
EDGE_AIR_NODE_083_NODE_091,NODE_083,NODE_091,air,75.96978021986152,2.8,20208.893665490796,8533.523582427624,87.85233879002234,0.9869193776971947,0.62,12.0,2.9890262932270812,True
EDGE_ROAD_NODE_083_NODE_096,NODE_083,NODE_096,road,107.14337256428146,1.930763492096197,4207.30097100503,24047.88977383085,151.1273359110602,0.9153496379397377,0.18,0.0,0.0,True
EDGE_ROAD_NODE_084_NODE_086,NODE_084,NODE_086,road,144.66729810577704,2.8779718468539435,6981.4816789283095,19172.04659786924,308.0107916307418,0.8990809693508055,0.18,0.0,0.0,True
EDGE_ROAD_NODE_085_NODE_097,NODE_085,NODE_097,road,80.26796455444277,1.4948972778677987,4415.704403846152,22985.924728634076,126.89909661028418,0.9032802781387154,0.18,0.0,0.0,True
EDGE_ROAD_NODE_086_NODE_096,NODE_086,NODE_096,road,60.402424634242664,1.206611176947299,2785.9761222256834,19770.59199073567,180.20534210818738,0.8899249708095436,0.18,0.0,0.0,True
EDGE_ROAD_NODE_088_NODE_091,NODE_088,NODE_091,road,98.27766792955688,1.8201756263137836,4814.093379140885,21893.742898385164,245.3296372096956,0.8702420263944384,0.18,0.0,0.0,True
EDGE_ROAD_NODE_091_NODE_096,NODE_091,NODE_096,road,106.30189357309457,1.9740548945859457,5772.88372775638,17047.911550861907,301.3455639751476,0.882690019374588,0.18,0.0,0.0,True
EDGE_AIR_NODE_091_NODE_096,NODE_091,NODE_096,air,111.59801876101777,2.8,24162.3579585682,9027.676049041,95.16110269659134,0.9721121826135968,0.62,4.0,5.528310837752418,True
EDGE_ROAD_NODE_092_NODE_098,NODE_092,NODE_098,road,98.49401634314688,1.4581903091850936,5627.617304614461,21777.99976410376,272.02132816937046,0.917760255667935,0.18,0.0,0.0,True
EDGE_ROAD_NODE_094_NODE_099,NODE_094,NODE_099,road,65.58924386421374,0.9340481124586579,2677.091693206183,16420.702689845275,109.56284287088539,0.9639285689138442,0.18,0.0,0.0,True
EDGE_AIR_NODE_094_NODE_099,NODE_094,NODE_099,air,69.55874873226976,2.8,22595.968463378493,15919.002232688397,44.56042120130392,0.9679463866290051,0.62,4.0,5.549691592546946,True
EDGE_ROAD_NODE_098_NODE_099,NODE_098,NODE_099,road,129.97782675055913,2.5448295534939476,6931.651708482674,16966.154496751704,265.12113369701666,0.916545301564275,0.18,0.0,0.0,True
EDGE_AIR_NODE_098_NODE_099,NODE_098,NODE_099,air,133.63193001138205,2.8,28412.93952119239,7929.905719376426,87.401103612112,0.9186551936539492,0.62,6.0,4.767540370823612,True
EDGE_TRANSFER_NODE_000_NODE_009,NODE_000,NODE_009,transfer,47.59565402733474,1.194945675341684,1371.1478483280168,60000.0,600.0,0.995,0.02,0.0,0.0,True
EDGE_TRANSFER_NODE_001_NODE_048,NODE_001,NODE_048,transfer,45.23895868139454,1.1654869835174317,1342.8675041767347,60000.0,600.0,0.995,0.02,0.0,0.0,True
EDGE_TRANSFER_NODE_002_NODE_019,NODE_002,NODE_019,transfer,51.29924915877124,1.2412406144846404,1415.590989905255,60000.0,600.0,0.995,0.02,0.0,0.0,True
EDGE_TRANSFER_NODE_002_NODE_061,NODE_002,NODE_061,transfer,49.16124233794071,1.2145155292242589,1389.9349080552886,60000.0,600.0,0.995,0.02,0.0,0.0,True
EDGE_TRANSFER_NODE_002_NODE_068,NODE_002,NODE_068,transfer,55.62473440633521,1.29530918007919,1467.4968128760224,60000.0,600.0,0.995,0.02,0.0,0.0,True
EDGE_TRANSFER_NODE_003_NODE_092,NODE_003,NODE_092,transfer,56.65827880691814,1.3082284850864767,1479.8993456830176,60000.0,600.0,0.995,0.02,0.0,0.0,True
EDGE_TRANSFER_NODE_005_NODE_072,NODE_005,NODE_072,transfer,40.96460367083919,1.1120575458854898,1291.5752440500703,60000.0,600.0,0.995,0.02,0.0,0.0,True
EDGE_TRANSFER_NODE_006_NODE_048,NODE_006,NODE_048,transfer,41.0858007527538,1.1135725094094224,1293.0296090330455,60000.0,600.0,0.995,0.02,0.0,0.0,True
EDGE_TRANSFER_NODE_007_NODE_029,NODE_007,NODE_029,transfer,66.55467625304068,1.4319334531630084,1598.6561150364882,60000.0,600.0,0.995,0.02,0.0,0.0,True
EDGE_TRANSFER_NODE_007_NODE_099,NODE_007,NODE_099,transfer,72.41864528914493,1.5052330661143116,1669.0237434697392,60000.0,600.0,0.995,0.02,0.0,0.0,True
EDGE_TRANSFER_NODE_009_NODE_010,NODE_009,NODE_010,transfer,44.024202600187266,1.1503025325023408,1328.2904312022472,60000.0,600.0,0.995,0.02,0.0,0.0,True
EDGE_TRANSFER_NODE_010_NODE_042,NODE_010,NODE_042,transfer,66.61826720015523,1.4327283400019404,1599.4192064018628,60000.0,600.0,0.995,0.02,0.0,0.0,True
EDGE_TRANSFER_NODE_011_NODE_018,NODE_011,NODE_018,transfer,22.97728980599955,0.8872161225749944,1075.7274776719946,60000.0,600.0,0.995,0.02,0.0,0.0,True
EDGE_TRANSFER_NODE_011_NODE_024,NODE_011,NODE_024,transfer,27.469389444780802,0.9433673680597601,1129.6326733373696,60000.0,600.0,0.995,0.02,0.0,0.0,True
EDGE_TRANSFER_NODE_012_NODE_089,NODE_012,NODE_089,transfer,63.59929635297967,1.3949912044122459,1563.191556235756,60000.0,600.0,0.995,0.02,0.0,0.0,True
EDGE_TRANSFER_NODE_013_NODE_043,NODE_013,NODE_043,transfer,72.70418123802153,1.508802265475269,1672.4501748562584,60000.0,600.0,0.995,0.02,0.0,0.0,True
EDGE_TRANSFER_NODE_014_NODE_080,NODE_014,NODE_080,transfer,26.63910008561366,0.9329887510701707,1119.669201027364,60000.0,600.0,0.995,0.02,0.0,0.0,True
EDGE_TRANSFER_NODE_014_NODE_094,NODE_014,NODE_094,transfer,44.33302994570357,1.1541628743212946,1331.9963593484429,60000.0,600.0,0.995,0.02,0.0,0.0,True
EDGE_TRANSFER_NODE_014_NODE_099,NODE_014,NODE_099,transfer,73.373584022827,1.5171698002853375,1680.483008273924,60000.0,600.0,0.995,0.02,0.0,0.0,True
EDGE_TRANSFER_NODE_015_NODE_054,NODE_015,NODE_054,transfer,35.58193494995542,1.0447741868744427,1226.983219399465,60000.0,600.0,0.995,0.02,0.0,0.0,True
EDGE_TRANSFER_NODE_016_NODE_043,NODE_016,NODE_043,transfer,32.31297330995527,1.0039121663744408,1187.7556797194632,60000.0,600.0,0.995,0.02,0.0,0.0,True
EDGE_TRANSFER_NODE_019_NODE_061,NODE_019,NODE_061,transfer,40.00522028765746,1.100065253595718,1280.0626434518895,60000.0,600.0,0.995,0.02,0.0,0.0,True
EDGE_TRANSFER_NODE_020_NODE_056,NODE_020,NODE_056,transfer,42.486832788933306,1.1310854098616663,1309.8419934671997,60000.0,600.0,0.995,0.02,0.0,0.0,True
EDGE_TRANSFER_NODE_020_NODE_091,NODE_020,NODE_091,transfer,39.061958113687155,1.0882744764210894,1268.7434973642457,60000.0,600.0,0.995,0.02,0.0,0.0,True
EDGE_TRANSFER_NODE_021_NODE_038,NODE_021,NODE_038,transfer,74.39176040669051,1.5298970050836314,1692.701124880286,60000.0,600.0,0.995,0.02,0.0,0.0,True
EDGE_TRANSFER_NODE_021_NODE_098,NODE_021,NODE_098,transfer,44.02522703070193,1.150315337883774,1328.3027243684232,60000.0,600.0,0.995,0.02,0.0,0.0,True
EDGE_TRANSFER_NODE_022_NODE_042,NODE_022,NODE_042,transfer,55.62682331814653,1.2953352914768317,1467.5218798177584,60000.0,600.0,0.995,0.02,0.0,0.0,True
EDGE_TRANSFER_NODE_022_NODE_071,NODE_022,NODE_071,transfer,16.302518006264755,0.8037814750783094,995.630216075177,60000.0,600.0,0.995,0.02,0.0,0.0,True
EDGE_TRANSFER_NODE_022_NODE_095,NODE_022,NODE_095,transfer,27.33682532947137,0.9417103166183921,1128.0419039536564,60000.0,600.0,0.995,0.02,0.0,0.0,True
EDGE_TRANSFER_NODE_026_NODE_069,NODE_026,NODE_069,transfer,40.27571474233832,1.103446434279229,1283.3085769080599,60000.0,600.0,0.995,0.02,0.0,0.0,True
EDGE_TRANSFER_NODE_029_NODE_067,NODE_029,NODE_067,transfer,68.55522474668867,1.4569403093336084,1622.662696960264,60000.0,600.0,0.995,0.02,0.0,0.0,True
EDGE_TRANSFER_NODE_029_NODE_080,NODE_029,NODE_080,transfer,51.491399715512536,1.2436424964439068,1417.8967965861505,60000.0,600.0,0.995,0.02,0.0,0.0,True
EDGE_TRANSFER_NODE_029_NODE_094,NODE_029,NODE_094,transfer,52.02932055042992,1.250366506880374,1424.3518466051592,60000.0,600.0,0.995,0.02,0.0,0.0,True
EDGE_TRANSFER_NODE_029_NODE_099,NODE_029,NODE_099,transfer,13.70285924848362,0.7712857406060452,964.4343109818035,60000.0,600.0,0.995,0.02,0.0,0.0,True
EDGE_TRANSFER_NODE_030_NODE_042,NODE_030,NODE_042,transfer,57.47712913517477,1.3184641141896845,1489.7255496220973,60000.0,600.0,0.995,0.02,0.0,0.0,True
EDGE_TRANSFER_NODE_030_NODE_071,NODE_030,NODE_071,transfer,21.73764234700012,0.8717205293375014,1060.8517081640014,60000.0,600.0,0.995,0.02,0.0,0.0,True
EDGE_TRANSFER_NODE_030_NODE_095,NODE_030,NODE_095,transfer,18.711636975454066,0.8338954621931758,1024.5396437054487,60000.0,600.0,0.995,0.02,0.0,0.0,True
EDGE_TRANSFER_NODE_031_NODE_056,NODE_031,NODE_056,transfer,53.719805491317345,1.271497568641467,1444.6376658958081,60000.0,600.0,0.995,0.02,0.0,0.0,True
EDGE_TRANSFER_NODE_031_NODE_066,NODE_031,NODE_066,transfer,73.4095178770725,1.5176189734634062,1680.91421452487,60000.0,600.0,0.995,0.02,0.0,0.0,True
EDGE_TRANSFER_NODE_031_NODE_088,NODE_031,NODE_088,transfer,65.41433008855795,1.4176791261069743,1584.9719610626953,60000.0,600.0,0.995,0.02,0.0,0.0,True
EDGE_TRANSFER_NODE_034_NODE_070,NODE_034,NODE_070,transfer,68.71599007290973,1.4589498759113715,1624.5918808749168,60000.0,600.0,0.995,0.02,0.0,0.0,True
EDGE_TRANSFER_NODE_035_NODE_047,NODE_035,NODE_047,transfer,73.16993445305363,1.5146241806631702,1678.0392134366434,60000.0,600.0,0.995,0.02,0.0,0.0,True
EDGE_TRANSFER_NODE_035_NODE_053,NODE_035,NODE_053,transfer,58.098186558982526,1.3262273319872815,1497.1782387077903,60000.0,600.0,0.995,0.02,0.0,0.0,True
EDGE_TRANSFER_NODE_038_NODE_092,NODE_038,NODE_092,transfer,74.30649663755142,1.5288312079693926,1691.6779596506171,60000.0,600.0,0.995,0.02,0.0,0.0,True
EDGE_TRANSFER_NODE_041_NODE_046,NODE_041,NODE_046,transfer,62.7255082356321,1.384068852945401,1552.7060988275853,60000.0,600.0,0.995,0.02,0.0,0.0,True
EDGE_TRANSFER_NODE_041_NODE_064,NODE_041,NODE_064,transfer,43.9863008814369,1.1498287610179612,1327.8356105772427,60000.0,600.0,0.995,0.02,0.0,0.0,True
EDGE_TRANSFER_NODE_043_NODE_058,NODE_043,NODE_058,transfer,64.81397082198185,1.4101746352747733,1577.7676498637823,60000.0,600.0,0.995,0.02,0.0,0.0,True
EDGE_TRANSFER_NODE_045_NODE_073,NODE_045,NODE_073,transfer,36.560143169790145,1.057001789622377,1238.7217180374819,60000.0,600.0,0.995,0.02,0.0,0.0,True
EDGE_TRANSFER_NODE_045_NODE_084,NODE_045,NODE_084,transfer,63.085095376788544,1.3885636922098568,1557.0211445214625,60000.0,600.0,0.995,0.02,0.0,0.0,True
EDGE_TRANSFER_NODE_046_NODE_052,NODE_046,NODE_052,transfer,48.08117459046061,1.2010146823807575,1376.9740950855273,60000.0,600.0,0.995,0.02,0.0,0.0,True
EDGE_TRANSFER_NODE_049_NODE_086,NODE_049,NODE_086,transfer,57.924195022064175,1.3240524377758023,1495.09034026477,60000.0,600.0,0.995,0.02,0.0,0.0,True
EDGE_TRANSFER_NODE_049_NODE_096,NODE_049,NODE_096,transfer,18.80534617684835,0.8350668272106043,1025.6641541221802,60000.0,600.0,0.995,0.02,0.0,0.0,True
EDGE_TRANSFER_NODE_052_NODE_064,NODE_052,NODE_064,transfer,71.4511037998299,1.4931387974978736,1657.4132455979588,60000.0,600.0,0.995,0.02,0.0,0.0,True
EDGE_TRANSFER_NODE_055_NODE_093,NODE_055,NODE_093,transfer,50.35607816130444,1.2294509770163056,1404.2729379356533,60000.0,600.0,0.995,0.02,0.0,0.0,True
EDGE_TRANSFER_NODE_056_NODE_091,NODE_056,NODE_091,transfer,51.50325006806649,1.243790625850831,1418.0390008167979,60000.0,600.0,0.995,0.02,0.0,0.0,True
EDGE_TRANSFER_NODE_057_NODE_065,NODE_057,NODE_065,transfer,7.407060532654182,0.6925882566581772,888.8847263918502,60000.0,600.0,0.995,0.02,0.0,0.0,True
EDGE_TRANSFER_NODE_059_NODE_085,NODE_059,NODE_085,transfer,65.86524157739535,1.4233155197174419,1590.3828989287442,60000.0,600.0,0.995,0.02,0.0,0.0,True
EDGE_TRANSFER_NODE_061_NODE_068,NODE_061,NODE_068,transfer,14.314762568992652,0.7789345321124082,971.7771508279118,60000.0,600.0,0.995,0.02,0.0,0.0,True
EDGE_TRANSFER_NODE_062_NODE_064,NODE_062,NODE_064,transfer,56.103639198217046,1.3012954899777132,1473.2436703786045,60000.0,600.0,0.995,0.02,0.0,0.0,True
EDGE_TRANSFER_NODE_067_NODE_094,NODE_067,NODE_094,transfer,59.00466322638052,1.3375582903297565,1508.0559587165662,60000.0,600.0,0.995,0.02,0.0,0.0,True
EDGE_TRANSFER_NODE_069_NODE_073,NODE_069,NODE_073,transfer,68.48138511478683,1.4560173139348354,1621.776621377442,60000.0,600.0,0.995,0.02,0.0,0.0,True
EDGE_TRANSFER_NODE_070_NODE_076,NODE_070,NODE_076,transfer,29.892081999794573,0.9736510249974322,1158.7049839975348,60000.0,600.0,0.995,0.02,0.0,0.0,True
EDGE_TRANSFER_NODE_070_NODE_087,NODE_070,NODE_087,transfer,68.45501457095358,1.4556876821369196,1621.4601748514428,60000.0,600.0,0.995,0.02,0.0,0.0,True
EDGE_TRANSFER_NODE_074_NODE_097,NODE_074,NODE_097,transfer,22.93561504215804,0.8866951880269756,1075.2273805058965,60000.0,600.0,0.995,0.02,0.0,0.0,True
EDGE_TRANSFER_NODE_075_NODE_089,NODE_075,NODE_089,transfer,55.91413216241852,1.2989266520302314,1470.969585949022,60000.0,600.0,0.995,0.02,0.0,0.0,True
EDGE_TRANSFER_NODE_076_NODE_087,NODE_076,NODE_087,transfer,62.0053598868651,1.3750669985858137,1544.0643186423813,60000.0,600.0,0.995,0.02,0.0,0.0,True
EDGE_TRANSFER_NODE_076_NODE_090,NODE_076,NODE_090,transfer,70.16568766107729,1.477071095763466,1641.9882519329274,60000.0,600.0,0.995,0.02,0.0,0.0,True
EDGE_TRANSFER_NODE_079_NODE_087,NODE_079,NODE_087,transfer,33.61633154878304,1.020204144359788,1203.3959785853965,60000.0,600.0,0.995,0.02,0.0,0.0,True
EDGE_TRANSFER_NODE_080_NODE_094,NODE_080,NODE_094,transfer,56.936457946227065,1.3117057243278383,1483.2374953547248,60000.0,600.0,0.995,0.02,0.0,0.0,True
EDGE_TRANSFER_NODE_080_NODE_099,NODE_080,NODE_099,transfer,56.387762792952735,1.304847034911909,1476.6531535154327,60000.0,600.0,0.995,0.02,0.0,0.0,True
