node_id,degree,betweenness,closeness,type_airport,type_hub,type_warehouse,emb_0,emb_1,emb_2,emb_3,emb_4,emb_5,emb_6,emb_7,sage_emb_0,sage_emb_1,sage_emb_2,sage_emb_3,sage_emb_4,sage_emb_5,sage_emb_6,sage_emb_7
NODE_000,0.06060606060606061,0.02033278488584923,0.21382289416846653,False,True,False,0.018055324832449194,-0.04866646293622227,0.0119509878503418,-0.16117375685524832,0.11374189942737205,-0.11546102212685849,0.09394747896509462,-0.002834704414877628,0.01782868003581966,-0.04735466137446119,0.011422331623608391,-0.1532308552865453,0.10598071271709841,-0.10154016899154367,0.07990652134228171,-0.0023424050563160357
NODE_001,0.06060606060606061,0.022006911580059144,0.1926070038910506,False,True,False,0.008022581615519858,0.14745756961021877,0.15063147973750915,-0.06467628440973222,-0.18183678257838964,-0.08741801042439709,-0.10952541037881669,0.12332739642529472,0.007919542044644972,0.14330088661123308,0.14366314733968746,-0.06135211146725657,-0.16884863267228406,-0.07634863560420077,-0.09236557173104484,0.09884626685604268
NODE_002,0.06060606060606061,0.0005583041297327011,0.14142857142857143,False,True,False,0.16538278036169474,-0.15975949230807632,0.04967485612107117,0.06800031024955394,-0.051353251681534984,0.017004230734934095,-0.026545927416162546,0.011147270830949194,0.16332942877571466,-0.15548499402617363,0.047497637514986174,0.06468179447271577,-0.04788703176583838,0.015014694738831245,-0.022813630015079092,0.008701131052051971
NODE_003,0.06060606060606061,0.1353904781813381,0.20711297071129708,True,False,False,0.10181573513698278,-0.07347397686474523,0.016020213890556474,-0.041517206401411155,0.043169552294662586,-0.07278145130825182,0.19521992901489185,0.17981901106906634,0.10054575423877118,-0.07149540457838556,0.015309215208224387,-0.039465529918202416,0.04022410507009234,-0.06400781479521563,0.16611627693968883,0.14587336371331588
NODE_004,0.06060606060606061,0.06572402408354826,0.2219730941704036,False,True,False,-0.0683899326866392,0.008188354967219202,0.051482499564852804,-0.010921585917771981,0.0410536339279963,0.2524101273920374,0.04584617255670603,0.014430521161576282,-0.06750666351519494,0.007959000461906052,0.04913215458607765,-0.010364254607408308,0.03816868896448278,0.22105104080648463,0.0387686225737119,0.011675226138454838
NODE_005,0.06060606060606061,0.09955651783241863,0.20121951219512196,False,True,False,-0.09358562923575844,0.016211157840960798,0.07488485445067677,0.1347190575235255,0.08261891253912612,-0.026888927730113088,0.016190628063369822,-0.0466738300996349,-0.09244956963474438,0.01577287789824446,0.0716255473302841,0.1282851036619027,0.07714783485700949,-0.02387928337246064,0.0136845060826635,-0.037641524742544306
NODE_006,0.06060606060606061,0.00804637415533421,0.1836734693877551,False,True,False,0.013226812050380891,0.15017720036825258,0.14279488357233508,-0.06774868999708192,-0.18041701277493105,-0.08553886991776458,-0.10896871856695753,0.12429451346074216,0.01305380609170309,0.14594176050362773,0.13619810941399974,-0.0642619413045762,-0.16753278995274323,-0.07471163212732448,-0.09189748380843632,0.0996187902447161
NODE_007,0.06060606060606061,0.0006579399436542293,0.14142857142857143,False,True,False,0.1709546059203107,-0.1703057990113986,0.05515869499334826,0.0797986164879664,-0.064362298356746,0.03359507650674584,-0.08536915828162328,-0.06799430268518826,0.16882860127304763,-0.16573497937171555,0.05272909168503505,0.07587401408365124,-0.05997113610325772,0.029526020514605192,-0.07252211892680027,-0.05491858492828077
NODE_008,0.06060606060606061,0.009359198042557776,0.1527777777777778,False,False,True,0.13781854365163293,0.18252746967339994,-0.16709166296430022,0.05460011745481186,0.06656218974484654,0.028329459851841016,-0.013070250646226389,-0.04833261621305749,0.13608995625223647,0.17761277811424564,-0.15969933969391253,0.05190045279851008,0.06199464594468038,0.02491548793534737,-0.01130538634473148,-0.03947721653928951
NODE_009,0.06060606060606061,0.12547253470078235,0.2239819004524887,False,False,True,0.0016757198015973085,-0.05217284303309145,-0.0018840426559466432,-0.1811937973920833,0.13146376345709251,-0.12203001518290833,0.0030334940283817946,-0.05194041662194398,0.0016592795631883502,-0.050719165500924736,-0.0017867918720389955,-0.17192033046664618,0.12213069467869675,-0.10670967187114347,0.0029234050652430293,-0.041296599725466066
NODE_010,0.06060606060606061,0.01354656276422118,0.21108742004264391,True,False,False,-0.011980687841978033,-0.052440779856199715,-0.011148656422813954,-0.18739741822197975,0.1354306443004225,-0.10577873254954737,-0.05918078038248295,-0.06888366430442469,-0.011835172862814491,-0.05104164103278694,-0.010666659570768646,-0.17825560116781042,0.12627867761999553,-0.0931189644134087,-0.05056566191895179,-0.05605351108373891
NODE_011,0.06060606060606061,0.01708461667902507,0.20245398773006135,False,True,False,-0.07639583522062826,-0.014639645231057333,0.008279786323402653,-0.028558191522751575,0.05039042356612834,0.2873861956100643,-0.050024427925554005,0.15237818810714115,-0.07541625480487132,-0.014236261759777867,0.007902435364936167,-0.027129175097747173,0.04686672616280655,0.25196528934115,-0.042416231924587405,0.12295010288252878
NODE_012,0.06060606060606061,0.09108183246752106,0.21951219512195122,False,True,False,0.05355035232969259,-0.04945791376539606,0.025970155810636542,-0.11061492634679926,0.0742417872954928,-0.09784320805524344,0.19746370240567118,0.09419526717183005,0.05287059510281871,-0.0481097052515464,0.024791100865423,-0.1050588385535135,0.06910308552655833,-0.08588559446777329,0.1675212623405583,0.07621941635467563
NODE_013,0.06060606060606061,0.07818593554162154,0.22602739726027396,False,True,False,-0.07307606953490786,-0.016966654842835382,0.0008663022715700124,-0.04311682896483754,0.04102934957752705,0.2630279344029281,-0.047985029558109085,0.12850274705336814,-0.07214737783819047,-0.016501972676323917,0.00082743231339387,-0.04095735028682179,0.03818470259887578,0.23086316027479034,-0.0407288291414241,0.10389698781526892
NODE_014,0.050505050505050504,5.1535765821480104e-05,0.14082503556187767,False,False,True,0.17615797234376246,-0.18021973693739415,0.06035642583782265,0.09100996694037583,-0.0768461395373477,0.05001252946331938,-0.14472652419410997,-0.15040018961329404,0.17356926875698198,-0.17450471930044248,0.057215854394073326,0.0857231597521548,-0.07065604791051934,0.04287799226230867,-0.1191349387283286,-0.11662068698252304
NODE_015,0.06060606060606061,0.0003332646189789047,0.15890850722311398,False,False,True,-0.10425957763738257,0.011061790071082656,0.0747072429971881,0.18521728545945607,0.11591640835628986,-0.11009312914257735,-0.007583048171913104,-0.015462837714814609,-0.1029609416504079,0.010762038098446104,0.07140442284562906,0.17609588058700654,0.10800011670417695,-0.09677133400671573,-0.006461926251885366,-0.012425925047953326
NODE_016,0.06060606060606061,0.053910166764143494,0.20496894409937888,False,True,False,-0.08215726826719791,-0.0385117798369487,-0.05500152062270454,-0.04997851147037445,0.009841329781003327,0.16242456990141685,-0.0995801091477311,0.1234779777505036,-0.08113343844542048,-0.037480107211349756,-0.05261254784233237,-0.047488644817079734,0.009091686083162263,0.14262117559364543,-0.08467408292581295,0.10002626306299536
NODE_017,0.06060606060606061,0.0010016249812168177,0.15865384615384615,False,False,True,-0.10576218559565066,0.00825637496281273,0.06914051277962352,0.1869323155686211,0.11642004845987872,-0.11217976044019287,-0.012111803301714491,0.002298245460635655,-0.10443711482533949,0.008030201417481921,0.06606415692941164,0.17767614236510992,0.10842756162317968,-0.09854423920152458,-0.010312721774749026,0.0020037967549877025
NODE_018,0.050505050505050504,0.020201349154369372,0.2053941908713693,True,False,False,-0.08188067820460002,-0.010588247716281168,0.015459476594020947,0.003080566583317651,0.05105622456601333,0.26366246273404687,-0.03323886917919334,0.14916064954191072,-0.08070000575872832,-0.010258907621206756,0.014666480736941873,0.002961669642616782,0.047030098689632635,0.22670293640747768,-0.027510043072657225,0.11659691035415032
NODE_019,0.050505050505050504,0.0028997457568886195,0.15789473684210525,False,False,True,0.15789972817158898,-0.14591285486651878,0.04267334270216107,0.053065077736749934,-0.03541171376496647,-0.0014318609357298895,0.03503157151145109,0.08668266792679398,0.15566708137464597,-0.14146613761590415,0.040542638140494844,0.05011544901780016,-0.03269025844775663,-0.0011969775817049298,0.02895112766132802,0.06784694724120954
NODE_020,0.06060606060606061,0.004726148832063539,0.171875,False,False,True,-0.10618428415098724,-0.0022640382660120695,0.03968073876318983,0.15918303346857193,0.09101670174876933,-0.06620097472615122,-0.02154496256871974,0.05862108189482887,-0.10490135023906652,-0.0022038147866095146,0.03798967077349995,0.15158787207648172,0.0849997333730834,-0.05844995102792638,-0.01841101873614132,0.04778237758406388
NODE_021,0.06060606060606061,0.027228062942348658,0.1809872029250457,False,True,False,0.13213570560771484,-0.10027525511293339,0.020860126338869644,0.007356271924805813,0.01005705103990398,-0.04254686915096903,0.14908483477324153,0.18229037407166185,0.13048869549559777,-0.09757798190546665,0.019937126365776145,0.007011599652053261,0.009359037148198399,-0.037396171520601235,0.12683042144603343,0.14787788243331773
NODE_022,0.06060606060606061,0.007657787323951816,0.20245398773006135,False,True,False,-0.026288600340299367,-0.05397017471276813,-0.024697121079056868,-0.18893689690398424,0.13389928538356693,-0.08679197466226764,-0.13589345498551847,-0.08170765519622249,-0.025957321652776397,-0.052516257449495576,-0.02359282370529613,-0.1796404389959167,0.12477980337800004,-0.07638015404924017,-0.11543193186929607,-0.06629441928580079
NODE_023,0.0707070707070707,0.027935923210769036,0.17805755395683454,False,False,True,-0.10029195562180308,0.014511838813954805,0.0777362617527972,0.1697539072560265,0.10420778401459427,-0.08664577024341324,9.3195704951414e-05,-0.031179389175078148,-0.09919370708911618,0.01416345807762369,0.07470816671311403,0.16242078615656497,0.09797073374423171,-0.077508131748108,3.7820064038842846e-05,-0.02582166309094963
NODE_024,0.06060606060606061,0.03526158643394555,0.20582120582120583,True,False,False,-0.08060897999706862,-0.011521509526868326,0.013290357936928912,-0.0038190632623110177,0.04953158080160311,0.26356081400418285,-0.03567402768432262,0.14559286841218344,-0.07958905210324244,-0.01120689911504447,0.012691773402539935,-0.0035803940182190866,0.04610201200866848,0.23110897000672037,-0.030270155122644377,0.11763569943897684
NODE_025,0.050505050505050504,0.030921201018189105,0.21902654867256638,False,True,False,-0.05113035043390429,0.03274546758487497,0.09132623228062701,-0.02751857576738441,0.014598268270344328,0.2045880442062813,0.14361110213619266,-0.15384241469204904,-0.05038319215766701,0.031714422375684316,0.08661622855550541,-0.025934473219993433,0.013435230970514956,0.1758577036922186,0.1186815115060835,-0.12004412627785027
NODE_026,0.050505050505050504,0.09892706712675362,0.20625,False,False,True,-0.05480783422685223,-0.0557621035306618,-0.059798048167989656,-0.14343713957066367,0.0764810356254501,-0.025117668136457633,-0.18070918614437767,-0.024918566819744997,-0.05401467450006288,-0.05402032958896365,-0.05674571603221751,-0.13522178518680433,0.07039449587535201,-0.021607989198924933,-0.14940762989576223,-0.01940398891744069
NODE_027,0.030303030303030304,0.000665124044036215,0.20496894409937888,False,True,False,-0.010571212973179422,-0.05363503965530195,-0.00961539742525553,-0.2015486282883063,0.14919724364827272,-0.13549779957682415,-0.06097280012591509,-0.1081301200973113,-0.010344870485140146,-0.05112429097235234,-0.00888464705851743,-0.18429846974194838,0.13151336574460476,-0.10711437870881757,-0.045352865631536184,-0.07276647645086973
NODE_028,0.06060606060606061,0.0730222722451182,0.2302325581395349,False,False,True,0.022384023269532594,-0.03517108276953437,0.029915130473264533,-0.1425927031028364,0.088385526102233,-0.08538024753741129,0.15983155490579556,0.00594234491886228,0.02210027769123553,-0.03422604730467468,0.028539665381087702,-0.13547719959909743,0.08232345237642191,-0.07509574174682743,0.1353780431168093,0.004871644352714981
NODE_029,0.0707070707070707,0.000515357658214801,0.14122681883024252,False,False,True,0.17414136999819774,-0.1763427746664849,0.05830157050562209,0.08656315884742094,-0.07183372650693556,0.04318799614431984,-0.11956355022530585,-0.11447252858198612,0.17212739239828326,-0.1719401294309289,0.05591194086451999,0.08260067684647354,-0.06727073581365103,0.0383139827470914,-0.1028007968047653,-0.09399906756941209
NODE_030,0.050505050505050504,0.0012968431364733758,0.19839679358717435,False,True,False,-0.03699741591118322,-0.05609417740115519,-0.03806721887916378,-0.18341950621545886,0.1252881845737772,-0.07020733546033063,-0.18758366088758316,-0.07589924027922246,-0.036456977286818494,-0.05434163243681531,-0.03610053511183674,-0.17296900754541344,0.11542932186804317,-0.06050013566567597,-0.15514494147173266,-0.059440769618119456
NODE_031,0.08080808080808081,0.009281535068634892,0.16779661016949152,True,False,False,-0.10602563707936202,0.003407103862209465,0.05510743440010082,0.1742919955635841,0.10354742788435022,-0.09273956544180831,-0.01603357553157328,0.027387865038325826,-0.10496571601468765,0.003333490916154035,0.05315721116376425,0.167408340386918,0.09787616178434883,-0.08375941843349126,-0.014104943567711532,0.02319912474830574
NODE_032,0.050505050505050504,0.1407986925478869,0.2234762979683973,False,False,True,0.01218764720717222,0.10028906543098941,0.11449655326224883,-0.08586766620616904,-0.10057890384476181,-0.01811008972690384,0.060993109131563306,-0.02718039934597973,0.012004614702686593,0.0970209839043949,0.10835894317359443,-0.08072686741557746,-0.09228701209924367,-0.015556732392713128,0.049800158452774274,-0.020683984283518538
NODE_033,0.050505050505050504,0.0,0.14431486880466474,False,True,False,0.13381821768956834,0.20065107223139855,-0.16792227504765658,0.05265994192105537,0.05851477042887642,0.029317546989194143,-0.05869436255271816,-0.10450737788897517,0.1319083486389349,0.19447386646167633,-0.15945758836941923,0.04969770024686741,0.05396110317359684,0.025287532165440864,-0.04866304020446493,-0.0819244298146655
NODE_034,0.06060606060606061,0.027159727648154764,0.19839679358717435,True,False,False,-0.0043740106965606245,0.1207918249412032,0.15003941497889023,-0.07060547474351325,-0.144668052193181,-0.002898326967224206,0.01634168125563193,-0.0340100059062967,-0.004313910444756293,0.11737468946936755,0.14306230237892914,-0.06693464563898444,-0.1343248389890879,-0.0027025787229088775,0.013419777457650363,-0.026707079322272002
NODE_035,0.04040404040404041,0.03484526064932582,0.165,False,True,False,0.14248697895369333,0.08581555030923715,-0.11969424780873772,0.04521676730719805,0.0664500577478167,0.005806460498227098,0.12091258833094094,0.13620508202588186,0.13993358440620252,0.0824505104824682,-0.1120674297300295,0.04200755060127105,0.05993213413171994,0.004742624571331883,0.09535024067076141,0.09982647463938896
NODE_036,0.050505050505050504,0.07622417266192134,0.1907514450867052,False,False,True,-0.007035741998881078,0.1336505331330775,0.1563603923132501,-0.04082396369720477,-0.1572715941231662,-0.0852612776914831,-0.09494199568714501,0.08633873050337033,-0.006898137848338142,0.12923581315656107,0.14780800521734705,-0.03857258387505679,-0.14434377947688415,-0.07254544061041741,-0.07773382428953082,0.06730011602490617
NODE_037,0.06060606060606061,0.15950267340317806,0.24029126213592233,False,True,False,-0.04512892889700015,0.020207866883751514,0.07206781812684147,-0.05534181437794217,0.020705086266513628,0.20159489714717546,0.12453703795598872,-0.09812862043915915,-0.04454928584091558,0.01964790142639164,0.06877874863055251,-0.05250737991669996,0.019227812117562484,0.17670064169264882,0.10530828693477476,-0.07893623468153169
NODE_038,0.06060606060606061,0.1353904781813381,0.20711297071129708,True,False,False,0.10181573513698268,-0.07347397686474529,0.016020213890556658,-0.04151720640141093,0.043169552294662544,-0.07278145130825184,0.19521992901489188,0.17981901106906625,0.10054575423877116,-0.07149540457838557,0.015309215208224421,-0.039465529918202374,0.04022410507009233,-0.06400781479521563,0.16611627693968883,0.14587336371331588
NODE_039,0.050505050505050504,0.1658930463528958,0.2426470588235294,False,True,False,-0.006466733129860586,-0.004405220964574991,0.055347660358699084,-0.120744243415359,0.056386123048313676,0.025309047539631542,0.15865828432166149,-0.08579192533383169,-0.006376473040468857,-0.0042797941172694354,0.05247121195617259,-0.11384285961892787,0.05197147417315125,0.021690494576835695,0.13083442450989943,-0.06714103438337043
NODE_040,0.06060606060606061,0.00010307153164296021,0.14452554744525548,False,False,True,0.1343960068391316,0.1979993026277895,-0.16779881348083064,0.052949709187361756,0.0597384266222345,0.02915925964790222,-0.051160066078706976,-0.09480555773635156,0.13271180268969557,0.19264757892209583,-0.16036940046317905,0.05033309581217715,0.05565237467506426,0.02563517003153299,-0.043477990181506915,-0.07679046993912908
NODE_041,0.06060606060606061,0.01084163169607083,0.16282894736842105,False,True,False,-0.115130422594075,-0.06552749740935834,-0.18026458362838968,0.012940072601061996,-0.18791357661046684,-0.05804294249849032,0.07780609323871022,-0.05451835990388834,-0.113608431877387,-0.06365342163165129,-0.17179116812167539,0.012277226230568615,-0.17420244994255119,-0.05050868929535417,0.0652414134374007,-0.043201056563897014
NODE_042,0.08080808080808081,0.12067413045968836,0.21710526315789475,False,False,True,-0.026898685811779975,-0.05495842166814122,-0.02757721743498226,-0.18570586342253184,0.12997855099922903,-0.08873169914645124,-0.1322637456215183,-0.07606053165970254,-0.026611154208862328,-0.05367560658337418,-0.026534622246605175,-0.1777576251633744,0.12226719900392818,-0.07931080502148274,-0.11539242966805408,-0.06341711994000777
NODE_043,0.06060606060606061,0.04830928497483909,0.2129032258064516,True,False,False,-0.07019111029330755,-0.03305479899525322,-0.026126604527367082,-0.07348870780252008,0.05268882093970623,0.19095069854357213,-0.10780803104968126,0.12101240766844543,-0.06930149774895533,-0.032157916542047915,-0.024961056370955997,-0.0698605928796455,0.04908754799296403,0.1675635893556819,-0.09162911544453466,0.09777866459067483
NODE_044,0.06060606060606061,0.11197745424556722,0.21615720524017468,False,False,True,-0.06996332316971353,0.03157128198029287,0.09445251649045734,0.04995172326290914,0.0426554944174948,0.10243324998242143,0.08256560297219592,-0.1260366554831663,-0.0690478638788812,0.03067527173275756,0.09007403944318179,0.04734572918080933,0.039610587007373396,0.08974948603161079,0.06979238456283914,-0.10110112044132466
NODE_045,0.06060606060606061,0.01900279600231759,0.1836734693877551,True,False,False,-0.09877901681930551,-0.05564837094830424,-0.12209856171068606,-0.021823704966521765,-0.07766861231107082,0.016785747989087888,-0.05563804345986802,0.046851762897176186,-0.09756654180876925,-0.05417178776676111,-0.11680084543008859,-0.020723922647198037,-0.07249748931691721,0.01472411870223066,-0.047283597869484786,0.03805365360091914
NODE_046,0.06060606060606061,0.009759073853308908,0.16282894736842105,False,False,True,-0.11552029851590331,-0.06552117961354781,-0.1809647054929417,0.014695114574902612,-0.1901550211057897,-0.06104689922964402,0.08404734312793097,-0.0598618148192107,-0.11402313072053052,-0.06368604606881023,-0.172631221385319,0.01393809791328633,-0.17655081195452982,-0.053240655390775785,0.07064449414630758,-0.04760812412773753
NODE_047,0.050505050505050504,0.018717959956972254,0.15517241379310345,False,False,True,0.1421738657164234,0.1428221026750729,-0.1537478408310222,0.05358640260410835,0.07277435298209223,0.021102604952233567,0.061254576660972754,0.05083245914488168,0.14002715377076091,0.1382710105759335,-0.14564041990523444,0.050420684461497195,0.06679716404058653,0.018145659379934356,0.049619943072433406,0.038139763887563294
NODE_048,0.06060606060606061,0.0387375483098284,0.18785578747628084,False,False,True,0.012842363512907259,0.15205863268369696,0.14373442897651215,-0.06330078984979237,-0.1823334535039817,-0.09873306301901084,-0.12734593578322675,0.14507968034722007,0.012674990842453646,0.14774094897888668,0.13703636336826935,-0.06001955383652031,-0.1692238616486126,-0.08620263497938892,-0.10737119261467264,0.11627892284853492
NODE_049,0.06060606060606061,0.05328027769048679,0.19111969111969113,True,False,False,-0.10629882127566978,-0.037483096594250725,-0.07485577633968601,0.05559293552504429,-0.041464670591062444,-0.00576685627808926,-0.014916588569324105,0.060550872718213855,-0.10501100067340498,-0.03650704837651203,-0.07166763763012679,0.05291755620364405,-0.03875344821010867,-0.0051026023157976375,-0.012719592641044598,0.04930434462432481
NODE_050,0.04040404040404041,0.002025331372288582,0.15372670807453417,False,False,True,-0.11750989917804604,-0.06739187248836165,-0.19064307956460524,0.017569247940530518,-0.20788806186427028,-0.07375000590555938,0.1077949334013676,-0.0825356885251089,-0.11543916840489285,-0.06482838357534951,-0.17874698205411577,0.016354715021596668,-0.18780740206333046,-0.061145562787831384,0.08497016798103688,-0.060308530618147504
NODE_051,0.08080808080808081,0.06120546087248593,0.22448979591836735,False,False,True,-0.005682026072338571,-0.044898938058961134,0.0032333638813314552,-0.17640165574280645,0.12296979254659203,-0.09307361909247482,0.0038992074197324433,-0.06556559736125045,-0.005620425327368624,-0.043858614016706716,0.0031082810109382174,-0.16889776026471703,0.1157179348532908,-0.0833154445305603,0.0034697647808069024,-0.05458056943566732
NODE_052,0.06060606060606061,0.003952769014011939,0.1544461778471139,False,True,False,-0.1167763423249896,-0.06712540273277853,-0.18840030572657807,0.015122833737717502,-0.2026093824952221,-0.06822984466954017,0.09660137204227592,-0.07235342209852112,-0.11518813031033873,-0.06515262147890691,-0.17931734767581498,0.014330536447375215,-0.18749191398422324,-0.059242494295276095,0.08085087324847791,-0.05731787141906031
NODE_053,0.04040404040404041,0.03484526064932582,0.165,False,False,True,0.14248697895369333,0.08581555030923718,-0.11969424780873769,0.04521676730719806,0.0664500577478167,0.005806460498227097,0.12091258833094098,0.13620508202588216,0.13993358440620252,0.0824505104824682,-0.1120674297300295,0.04200755060127105,0.05993213413171994,0.004742624571331882,0.09535024067076142,0.09982647463938898
NODE_054,0.04040404040404041,9.276437847866419e-05,0.1584,False,True,False,-0.10470673117007828,0.011931499488381098,0.07821228738497109,0.19083711626726976,0.12117750615739148,-0.11971062694880273,-0.007392127463865358,-0.02262200626950385,-0.10292629806098219,0.01149251449980886,0.07350619854983825,0.17803039050553393,0.10991237839901458,-0.10004503923522791,-0.005896260581617175,-0.01675328671141884
NODE_055,0.04040404040404041,0.018485257297167712,0.19148936170212766,False,False,True,-0.07866420982374193,0.041444299144592175,0.11207360156809226,0.10959891509942626,0.05368117674057431,-0.021943155539828653,0.030318550849402093,-0.12936837993709385,-0.07725478021758692,0.03976240767354628,0.10481681158345893,0.10190862429336775,0.048698699968872494,-0.017858512230241628,0.02424760408848584,-0.0945824608551726
NODE_056,0.06060606060606061,0.004726148832063539,0.171875,False,True,False,-0.10618428415098731,-0.0022640382660119827,0.03968073876318989,0.15918303346857202,0.09101670174876933,-0.06620097472615127,-0.02154496256871976,0.05862108189482883,-0.10490135023906652,-0.0022038147866095,0.03798967077349996,0.15158787207648175,0.0849997333730834,-0.0584499510279264,-0.018411018736141323,0.04778237758406387
NODE_057,0.06060606060606061,0.08420129786765325,0.19919517102615694,False,False,True,0.025966498827888287,0.15153849185961987,0.1106231981505442,-0.061885630445225215,-0.15308947393002986,-0.0757556392801979,-0.09453590989123657,0.09735957455904454,0.02561126631755472,0.14722559563537652,0.10559766566686049,-0.058713847658722645,-0.1422401962379824,-0.06630637641609932,-0.0798673698905929,0.07857089530666833
NODE_058,0.06060606060606061,0.009634597717631404,0.2037037037037037,False,True,False,-0.07838432745658032,-0.021472613321249837,-0.0075479198197098835,-0.034391384628634156,0.04564441397238816,0.2729708934455095,-0.07403990298225083,0.17121153568821945,-0.0773794761656893,-0.02088208875201882,-0.007215100326133128,-0.03267021647449467,0.04244976691937649,0.23931278449758797,-0.06280013476557343,0.13817723326705966
NODE_059,0.08080808080808081,0.021317560117602368,0.15325077399380804,False,False,True,0.1360271902864627,0.1863204097016529,-0.16479137372467434,0.053086446204211185,0.06257360959651337,0.027342340027468274,-0.025275396242260342,-0.06024029547412842,0.13461522234548234,0.18216060430396264,-0.15875105229892736,0.05091251220833659,0.05901902319914375,0.024606496766861677,-0.02223002435102089,-0.05090287150736572
NODE_060,0.04040404040404041,0.10055828640513804,0.17584369449378331,False,False,True,0.07853750408256167,0.18193568246527528,-0.021679265428314394,-0.009488798001518799,-0.060608421973383404,-0.03380757324417094,-0.10151065532485998,0.008904984154156585,0.07717539252225208,0.175084358864128,-0.020462292391328678,-0.008776867342630303,-0.05468181923161351,-0.028000743720873196,-0.08038443395856029,0.00619681839092818
NODE_061,0.06060606060606061,0.005991891706177434,0.15814696485623003,True,False,False,0.1541784882457237,-0.13923535245379776,0.03943104232670413,0.04623841928455646,-0.02849792768358157,-0.008018309733167285,0.05386615400160377,0.10319486562108442,0.1522645861192112,-0.13551143795998383,0.0377040995842316,0.043987710735479926,-0.026584431746472653,-0.007008099368172727,0.045675268778142736,0.08346271008552567
NODE_062,0.08080808080808081,0.05521394003992181,0.19038461538461537,False,True,False,-0.10611436598738587,-0.05647093841944265,-0.1359084017590754,0.0029542784605224165,-0.1112405617064232,-0.010159658613477524,-0.006020325449345193,0.02073156983441915,-0.10503996955249731,-0.05523710272153757,-0.13103670145736618,0.0028378358728604037,-0.10506448411209457,-0.009144382264291213,-0.0053151770426175604,0.017590180347112926
NODE_063,0.06060606060606061,0.03431483728988825,0.1554160125588697,False,True,False,0.14117402131674034,0.14999895658668647,-0.15560176147323665,0.0535020308108313,0.07101854982318107,0.022240202203055014,0.04493986610696259,0.02882417563361222,0.1393174351218398,0.14584437917550896,-0.14845841456603542,0.05074825222799356,0.0659282032993666,0.01952493260067472,0.03719412988358591,0.02185663884947891
NODE_064,0.09090909090909091,0.06006790530816199,0.17967332123411978,False,False,True,-0.11025359665099695,-0.05651323761666437,-0.14270762714980648,0.018787630216945836,-0.13027161843973883,-0.02932926367275053,0.028856477465109324,-0.0015618101274270796,-0.10919238247543628,-0.05534081392252085,-0.13783973488113055,0.01805181173503123,-0.12335750242182308,-0.026485183252336467,0.02529687783704976,-0.00106899113868413
NODE_065,0.050505050505050504,0.058613062498259254,0.19879518072289157,True,False,False,0.028995772502344787,0.15223793488020815,0.10363814332094987,-0.06139566672748906,-0.14793442654080027,-0.07353099939677504,-0.09157093514960361,0.09193846005146708,0.02854547660665241,0.14729137784102106,0.09826580689834015,-0.05780584239668947,-0.1359706336889696,-0.0630754337755065,-0.07537158187862811,0.07175002912136924
NODE_066,0.06060606060606061,0.0021734759101069254,0.16176470588235295,False,False,True,-0.10710886603554766,0.0006623039442112616,0.04883060113009131,0.17333806025649848,0.10156624263692929,-0.0909357985953165,-0.020092233254785055,0.044903538436505026,-0.10580098648836317,0.0006457545272683916,0.04672540479400389,0.16498525727752691,0.09478327014168361,-0.08021557800886009,-0.01714368369944615,0.036519814604244694
NODE_067,0.050505050505050504,5.1535765821480104e-05,0.14082503556187767,False,True,False,0.17524835610687345,-0.17845810031478576,0.05941415553190022,0.08896509642772417,-0.07451620852317815,0.04673339745694027,-0.13238341223092406,-0.13219410431628872,0.17272903430474004,-0.17292256908790432,0.05639045866761315,0.08391093497114344,-0.06864658511155271,0.040215529309390534,-0.10949657198766888,-0.10316006554379363
NODE_068,0.0707070707070707,0.016956984814127673,0.1584,False,False,True,0.15629574797550935,-0.14320118589885455,0.04146627371617513,0.05059935921542009,-0.03323153806685928,-0.0022724802570500877,0.03413192654158578,0.07798337958333898,0.15455086455921543,-0.13975496712697033,0.03983095212355318,0.048378200843905345,-0.031214362104664828,-0.0019971340896934725,0.0294497303071947,0.06456612838090056
NODE_069,0.06060606060606061,0.030928639118361172,0.19919517102615694,True,False,False,-0.07393448508777307,-0.049968033587834214,-0.07135983458116885,-0.08858474023001968,0.023734997364422306,0.06366564453818097,-0.1414837755404763,0.0559467688194253,-0.0729958671154974,-0.04859545585373848,-0.06816312772528972,-0.08410145467256497,0.022028108019902237,0.05593479251098499,-0.11993762982069078,0.04534158216584452
NODE_070,0.050505050505050504,0.017577733802413634,0.21108742004264391,False,True,False,-0.019035263969142707,0.08443037997443913,0.13502686113077872,-0.07240720871198861,-0.08419097262748014,0.10522435802117226,0.14674305243955035,-0.18876961500819833,-0.01875501360683421,0.08170142070270489,0.12790128426247413,-0.06813501940246264,-0.07727822951929833,0.09028247429077477,0.12081042811308974,-0.14655575831728201
NODE_071,0.0707070707070707,0.047558100761299016,0.21475054229934923,False,False,True,-0.03182939459097561,-0.051300535047864124,-0.024882102884441037,-0.17393511921039817,0.12318060579971155,-0.04844224678189053,-0.13191282582491146,-0.05185253010244503,-0.03146852203507987,-0.05005924533320316,-0.023882356521245728,-0.16625060904194863,0.115646043447147,-0.043287862805842264,-0.11404278746163873,-0.043114420490659375
NODE_072,0.0707070707070707,0.02720493019836467,0.17805755395683454,False,False,True,-0.09670555259359713,0.019836001524606444,0.08628187849814989,0.161854846504054,0.09825403523756288,-0.07791028733999268,0.007331751393534022,-0.05793537207631027,-0.09559442108726915,0.019329516152568914,0.0827327554024152,0.15452609112895438,0.0921023251619967,-0.0693093300434863,0.006249729343867266,-0.04746809832236532
NODE_073,0.0707070707070707,0.10298191948691651,0.20412371134020618,False,True,False,-0.08968360858626388,-0.05336518075623034,-0.10268700753502608,-0.046562352693716114,-0.038829941662862855,0.037476564656127434,-0.091568434326878,0.05469689827549521,-0.0886750269289964,-0.052063528731186665,-0.09860595225091617,-0.04442063020923792,-0.03652287621853557,0.03341429407532172,-0.07901291066146704,0.0454575312936942
NODE_074,0.0707070707070707,0.045130522155339525,0.16176470588235295,False,True,False,0.12734628527978853,0.1959489412990237,-0.14889026449929502,0.0448362115945694,0.04385427526493132,0.02046502163604818,-0.05829640214630102,-0.07953182923641715,0.12589532665873576,0.1910997180804222,-0.14295602647664862,0.04285746938878813,0.04124595339472413,0.01832643277548126,-0.05012689107464435,-0.0659746260872464
NODE_075,0.0707070707070707,0.2164221277067874,0.2302325581395349,False,True,False,0.047003422188903875,-0.04980444748099073,0.02236569300558118,-0.11978621384404248,0.0817943118602942,-0.10118283700363234,0.16990654112024153,0.07267347471244054,0.04646762976701174,-0.048584643442266415,0.02145226831283576,-0.11438211508874851,0.07670525786615298,-0.09006190870550637,0.14672177500110992,0.06019975547698646
NODE_076,0.06060606060606061,0.0737068427828975,0.22758620689655173,False,False,True,-0.014525566642842155,0.08675075639586503,0.13197525132680643,-0.07441754226349497,-0.08668285142029479,0.08546670600270981,0.13258243717461857,-0.16086189520330194,-0.014338497078152504,0.08427360360325277,0.12582448919434258,-0.07053674685118407,-0.08039321178789671,0.07478593937697195,0.11187828684859483,-0.12907856097890008
NODE_077,0.04040404040404041,5.1535765821480104e-05,0.14102564102564102,False,False,True,-0.11850041835517022,-0.0692564295863455,-0.19858710642070423,0.016323929900356998,-0.22048316763706247,-0.08051832695121307,0.11986479606769994,-0.09650792822526907,-0.11638349438102202,-0.06659190622484346,-0.18607775375083024,0.015173227502769324,-0.19903999083621332,-0.06672875584864776,0.09450449412031657,-0.07070131908870482
NODE_078,0.030303030303030304,0.0012628264642228122,0.1554160125588697,False,False,True,-0.11481059135398504,-0.0674350516620564,-0.18593287139643394,0.005818129390236293,-0.19314712088326305,-0.054998215756114535,0.07000089591367267,-0.0515964109800532,-0.112236328314983,-0.06417928073660283,-0.17125251394492808,0.005319586169525669,-0.16964650466464906,-0.0432895289419938,0.051664929566665865,-0.03455402686919677
NODE_079,0.06060606060606061,0.08691467749996606,0.22811059907834103,False,True,False,-0.03871475244693086,0.05180270891587215,0.10978624468235443,-0.0437059287166269,-0.01984626568427591,0.16192678242930922,0.15845180251398241,-0.19014898463103921,-0.03821528902209263,0.05035700901948128,0.1047746595038794,-0.04147470366088059,-0.018429353798780405,0.14179931048047692,0.13411015854536346,-0.1531634597193866
NODE_080,0.04040404040404041,0.0,0.140625,False,True,False,0.1763427220840602,-0.18058412315925726,0.06055573433664172,0.09144545031762502,-0.07735524312261886,0.050785478771032504,-0.14777005505571844,-0.15520374628088435,0.17331409437636286,-0.17389229292635558,0.0568742847388952,0.0852391979956213,-0.07007670335713728,0.04232765166334549,-0.1172765820704645,-0.11454835138746253
NODE_081,0.04040404040404041,0.0010343515741327036,0.17247386759581881,True,False,False,0.006895879174299538,0.15212913354532176,0.1592192427507384,-0.06400788980515718,-0.1962398235245748,-0.11008981880964357,-0.14425744444469749,0.17169128232033598,0.006776534986937826,0.1463577285115903,0.14931781693968865,-0.05957918391888403,-0.1774237854010628,-0.09149915606410822,-0.11418764078606647,0.1264879828300607
NODE_082,0.030303030303030304,0.0725732559605407,0.1864406779661017,False,False,True,-0.05802732325138815,0.07370053508110636,0.13560008063499296,0.07089605060604043,-0.014681040161452386,-0.06257012160325902,-0.02025241745543422,-0.07885368088946948,-0.05669410339134051,0.07006259622886205,0.12463995956007429,0.0644964433520483,-0.012877209955879827,-0.04894749305208959,-0.014874124652551276,-0.0518341588334052
NODE_083,0.08080808080808081,0.10976050717605756,0.2,True,False,False,-0.09936083846122093,-0.011743802690102287,0.0075830059507223015,0.09215543823644438,0.04704061036378103,0.042224003691231415,-0.020908840293478802,0.08172455129068261,-0.0983301974129289,-0.011476733011418345,0.007325336914247291,0.08843413400552375,0.04441125063585558,0.03776326499067119,-0.018307420678666732,0.06877813835989828
NODE_084,0.050505050505050504,0.016515695288520208,0.18032786885245902,False,False,True,-0.10374255231508547,-0.058493869641469146,-0.13850375248705393,-0.012379359472386811,-0.1071275998772829,0.0029467901846578753,-0.030518954997438726,0.034507702206770255,-0.10219463052796002,-0.056606277909846604,-0.13111048436377865,-0.011695557259990413,-0.09809013110786538,0.0029349063205645473,-0.025966672405701035,0.027729304253701487
NODE_085,0.0707070707070707,0.0097569345425148,0.15301391035548687,False,True,False,0.13525143819576102,0.19187253591553127,-0.16622045823411813,0.05302147996415038,0.061227249855611544,0.028203900620296457,-0.03753954202094073,-0.07659827670598485,0.13372813486294738,0.18721319365770922,-0.1596051855194241,0.05066580551066456,0.057460064983548706,0.025138027674610892,-0.03247914379949182,-0.06351462521302846
NODE_086,0.08080808080808081,0.06164078329803225,0.2,False,True,False,-0.1013893736369238,-0.04987090630392207,-0.10817701192905406,0.0014847097096180907,-0.06938710789658407,0.023396917135619144,-0.040544442203056,0.060104721309195905,-0.10035577607267243,-0.04877953995606643,-0.10430880045216134,0.0014081548047070553,-0.06558229338965926,0.021040511641188857,-0.03552527044399453,0.050663912622421106
NODE_087,0.06060606060606061,0.06882384598211114,0.2357142857142857,True,False,False,-0.0295435896198994,0.0465387777163189,0.10397372773819728,-0.06919955172821342,-0.017758444967706746,0.1495718144387069,0.17101763222184269,-0.18319840536107687,-0.02915999143136616,0.04523825858583133,0.09920201095506452,-0.06564045264597586,-0.01651944903917632,0.13092855666650496,0.14456768499390932,-0.14739961717107575
NODE_088,0.1111111111111111,0.04245562865194293,0.17967332123411978,False,True,False,-0.1040900486272535,0.006597542593365158,0.061422119501720496,0.17125967028097128,0.10280525168140665,-0.08796220222660324,-0.010223721604733877,0.00798171515328211,-0.10322605871788981,0.006476630554276691,0.05960393313361119,0.1656280067802957,0.09810833077297891,-0.08083191342573427,-0.009212878795357985,0.007059004443026187
NODE_089,0.050505050505050504,0.15419455666586865,0.23515439429928742,False,False,True,0.02613152958384648,-0.007973802743374074,0.052476959267808744,-0.12343503864468121,0.04375117630958826,-0.06534266296602977,0.18415702177635399,0.015788066467266968,0.025753225443476573,-0.007758988123006259,0.0497007130154276,-0.11626811375769962,0.0403379647758412,-0.056266931550105176,0.15203430532323087,0.01265199690049006
NODE_090,0.04040404040404041,0.0060128300725855515,0.2037037037037037,False,True,False,-0.0065622944997470005,0.10229725311143653,0.14259152478125026,-0.0820692469715002,-0.11634742408054592,0.05233301022079342,0.11672639417165008,-0.14724134570303105,-0.006446565246266826,0.0983836504559305,0.13366201844787684,-0.07632370507206143,-0.10511095297473103,0.0434221037367576,0.0921377187242344,-0.10811759985290387
NODE_091,0.08080808080808081,0.04097395019374953,0.17870036101083034,True,False,False,-0.10621344464419386,-0.00986871174336233,0.014655371318779097,0.13642008522155386,0.06158170255149339,-0.05143504277820163,-0.02011773861758184,0.06018362012004852,-0.1051472809405736,-0.009642300686780948,0.014200657622837884,0.1310716273262093,0.058306740838918805,-0.04651547236932291,-0.017690075837694517,0.05089011140356081
NODE_092,0.0707070707070707,0.04645433931148212,0.1813186813186813,False,True,False,0.13538729983886497,-0.10610044076384922,0.023682857968876182,0.01329584835962912,0.004055790927003261,-0.03686985395321678,0.13291973266762716,0.1682099718334794,0.13385532563494013,-0.10350357031297137,0.02272545227351585,0.012698675317632422,0.003820301113596398,-0.032858699840999525,0.11504636894020667,0.13951521895654923
NODE_093,0.06060606060606061,0.07923270028789746,0.19879518072289157,True,False,False,-0.08394320740649902,0.03381164684353617,0.10144201681440213,0.1223348465661622,0.06576418518514707,-0.03310052979350926,0.022994117966031735,-0.09812837949721269,-0.08283964084832865,0.032782753048776744,0.0965723583381129,0.11604223705558583,0.06125391948558072,-0.028789535314743694,0.019557355577676426,-0.07823968749534337
NODE_094,0.06060606060606061,0.00017178588607160032,0.14102564102564102,True,False,False,0.1754064214228667,-0.1787691710711381,0.05958383896260523,0.08933553990237077,-0.07494789999274895,0.0473825235852534,-0.1349243390333858,-0.13616804922422876,0.1731464259333152,-0.1737978784900636,0.05686440114111274,0.08478289361500527,-0.06964991943438702,0.04144292927730364,-0.1139411950918259,-0.1092272625836039
NODE_095,0.06060606060606061,0.016748250946765766,0.20081135902636918,False,False,True,-0.04233244060399305,-0.05519782570178859,-0.04301580869704216,-0.169255833695992,0.1098464408787052,-0.04876145556400282,-0.17997079591094778,-0.053128404587993304,-0.04179069022974145,-0.05368457226186258,-0.04106848655172727,-0.16079124092393343,0.10225920393908301,-0.0428514010887735,-0.1526133295152758,-0.04300794381280974
NODE_096,0.050505050505050504,0.03263737999432038,0.1907514450867052,False,True,False,-0.10632996082799274,-0.034228706378261704,-0.0641965848140977,0.06483486678560037,-0.02895226361323807,-0.004928913191347475,-0.016676300006507272,0.06886366081637618,-0.10484852760183101,-0.03320157662318414,-0.061042445208582014,0.061264422226301365,-0.02676427315988658,-0.004276078564536901,-0.01386624256267403,0.05423865187333814
NODE_097,0.06060606060606061,0.030305796270687684,0.16150081566068517,False,False,True,0.12583371922490824,0.19791271480258815,-0.14618482206962002,0.043377961936035846,0.04040140682343587,0.01920517220691127,-0.0657649800438496,-0.08492017703933782,0.12423746922096443,0.19245883253693608,-0.13970470565225437,0.041250771387655066,0.03774514540014236,0.01698727040362376,-0.05554148099900516,-0.06883535543675948
NODE_098,0.0707070707070707,0.19887997374740785,0.1864406779661017,False,False,True,0.13321348275464154,-0.049574189354742,-0.017140106812469844,0.014799417755797113,0.027418079949362045,-0.03032261149905402,0.14234426494978522,0.1641676317906229,0.1316800465471834,-0.04853138334065346,-0.01621865485445812,0.01411729829731986,0.025492783374688577,-0.02700811221838309,0.12238735506687079,0.13512858350768275
NODE_099,0.1111111111111111,0.11059575345289632,0.1625615763546798,True,False,False,0.16617575634034365,-0.15712380360086542,0.047491628544480656,0.0710402412507555,-0.0530360652964441,0.024081938496921237,-0.05230051242152153,-0.031997249380921064,0.16474721405538395,-0.15419734665268633,0.04603183190432468,0.06860857907776219,-0.0505008535695113,0.022006837986465647,-0.0465844663095728,-0.02730334372321634
