{
  "type": "feature_importances_",
  "importance": {
    "dist_km": 4004.0,
    "deadline_hours": 2857.0,
    "weight_kg": 2966.0,
    "volume_m3": 3394.0,
    "is_weekend": 142.0,
    "time_factor": 2779.0,
    "cost_factor": 2398.0,
    "n_segments": 3157.0,
    "reliability_expected": 4141.0,
    "degree_orig": 586.0,
    "betweenness_orig": 1347.0,
    "closeness_orig": 1080.0,
    "emb_0_orig": 1236.0,
    "emb_1_orig": 1141.0,
    "emb_2_orig": 1499.0,
    "emb_3_orig": 1050.0,
    "emb_4_orig": 918.0,
    "emb_5_orig": 1200.0,
    "emb_6_orig": 1131.0,
    "emb_7_orig": 1344.0,
    "degree_dest": 629.0,
    "betweenness_dest": 1181.0,
    "closeness_dest": 1032.0,
    "emb_0_dest_orig": 1134.0,
    "emb_1_dest_orig": 932.0,
    "emb_2_dest_orig": 1324.0,
    "emb_3_dest_orig": 1178.0,
    "emb_4_dest_orig": 1013.0,
    "emb_5_dest_orig": 1220.0,
    "emb_6_dest_orig": 1086.0,
    "emb_7_dest_orig": 1227.0,
    "cargo_class_express": 530.0,
    "cargo_class_fragile": 348.0,
    "cargo_class_refrigerated": 234.0,
    "cargo_class_standard": 219.0,
    "dow_0": 240.0,
    "dow_1": 195.0,
    "dow_2": 188.0,
    "dow_3": 195.0,
    "dow_4": 207.0,
    "dow_5": 154.0,
    "dow_6": 183.0,
    "month_7": 218.0,
    "month_8": 228.0,
    "month_9": 229.0,
    "month_10": 306.0,
    "month_11": 0.0
  }
}